scenario_id,dur1,dur2,dur3,fee1,fee2,fee3,exempt1,exempt2,exempt3
1,3,11,20,1571760,846687,0,1,1,0
2,5,10,19,1151389,1017671,0,1,1,0
3,7,6,22,906559,1399571,0,1,1,0
4,7,1,18,1086849,1528036,0,1,1,0
5,1,10,18,1316863,913070,0,1,1,0
6,5,10,22,1909625,947324,0,1,1,0
7,10,5,21,967103,1203241,0,1,1,0
8,8,1,19,1171167,1964670,0,1,1,0
9,7,2,27,993433,1509666,0,1,1,0
10,5,6,26,1399624,994403,0,1,1,0
11,6,7,24,1789602,807733,0,1,1,0
12,6,5,24,655210,1860971,0,1,1,0
13,4,8,18,1278242,1060258,0,1,1,0
14,10,4,23,592076,1510629,0,1,1,0
15,4,9,25,1492713,956143,0,1,1,0
16,8,6,22,655681,1302808,0,1,1,0
17,5,6,27,1105826,620033,0,1,1,0
18,4,9,24,1350372,687617,0,1,1,0
19,7,2,19,759429,1718562,0,1,1,0
20,8,3,20,781373,1672524,0,1,1,0
21,3,11,19,1219041,893555,0,1,1,0
22,3,10,25,1357746,1089179,0,1,1,0
23,5,10,20,1959048,730181,0,1,1,0
24,6,3,25,853722,1843074,0,1,1,0
25,2,8,25,1377278,786739,0,1,1,0
26,2,9,18,1591342,819284,0,1,1,0
27,8,5,22,863214,1693378,0,1,1,0
28,10,1,25,897456,1162052,0,1,1,0
29,8,3,18,599469,2000000,0,1,1,0
30,8,3,23,645475,1603327,0,1,1,0
31,11,2,26,1074318,1271109,0,1,1,0
32,10,1,19,886470,1372243,0,1,1,0
33,4,10,20,1239466,532249,0,1,1,0
34,5,7,27,1580970,1180060,0,1,1,0
35,6,4,21,674878,1011596,0,1,1,0
36,2,7,20,1920368,1201214,0,1,1,0
37,6,11,23,1841672,612096,0,1,1,0
38,11,1,25,609772,1887558,0,1,1,0
39,1,9,18,1217326,1088597,0,1,1,0
40,3,11,25,1690905,834476,0,1,1,0
41,11,2,18,500000,1861364,0,1,1,0
42,7,3,26,1101654,1790724,0,1,1,0
43,11,5,22,660439,1404688,0,1,1,0
44,6,2,19,796449,1890231,0,1,1,0
45,2,9,25,2000000,624134,0,1,1,0
46,10,1,25,949862,1781191,0,1,1,0
47,9,6,27,719858,1103268,0,1,1,0
48,9,2,20,801788,1512576,0,1,1,0
49,4,9,26,1428805,544196,0,1,1,0
50,8,1,23,667374,1682020,0,1,1,0
51,3,8,26,1765185,1120004,0,1,1,0
52,10,2,20,571848,1280532,0,1,1,0
53,6,11,20,1815817,944832,0,1,1,0
54,8,1,26,819186,2000000,0,1,1,0
55,7,2,26,970627,1297041,0,1,1,0
56,6,3,19,1090484,1853204,0,1,1,0
57,6,3,18,538970,1585471,0,1,1,0
58,10,1,23,622226,1192869,0,1,1,0
59,7,6,26,977405,1875419,0,1,1,0
60,3,7,20,1614336,500000,0,1,1,0
61,3,7,21,1159237,1065603,0,1,1,0
62,1,11,22,1814895,500000,0,1,1,0
63,11,5,27,1227919,1785106,0,1,1,0
64,4,9,25,1602620,1101433,0,1,1,0
65,4,11,22,1206066,792897,0,1,1,0
66,7,2,22,892541,1567516,0,1,1,0
67,7,3,21,808016,1605187,0,1,1,0
68,7,5,25,750816,1338839,0,1,1,0
69,3,10,23,1914529,1090032,0,1,1,0
70,2,10,25,1499859,963355,0,1,1,0
71,10,1,24,883522,1196207,0,1,1,0
72,6,9,24,1946183,511490,0,1,1,0
73,11,5,27,935481,1615214,0,1,1,0
74,3,10,27,1506048,974599,0,1,1,0
75,9,1,24,1081227,1725965,0,1,1,0
76,6,4,24,585723,1558147,0,1,1,0
77,5,9,23,1521061,1091223,0,1,1,0
78,5,6,22,1889289,501354,0,1,1,0
79,10,2,21,994750,1967729,0,1,1,0
80,4,7,23,1876158,1006610,0,1,1,0
81,6,1,22,807332,1972299,0,1,1,0
82,7,4,21,679358,1816912,0,1,1,0
83,2,11,19,1499389,610349,0,1,1,0
84,5,9,22,1024381,500000,0,1,1,0
85,6,8,18,1394378,695213,0,1,1,0
86,5,9,27,1224044,994943,0,1,1,0
87,5,11,24,1593138,620018,0,1,1,0
88,4,9,26,1917192,631712,0,1,1,0
89,8,1,26,743010,1296181,0,1,1,0
90,4,11,18,1105436,603329,0,1,1,0
91,11,5,20,1166623,1553635,0,1,1,0
92,10,6,25,1180145,1593176,0,1,1,0
93,3,6,19,1811037,1026942,0,1,1,0
94,5,9,26,1150925,795091,0,1,1,0
95,6,2,18,972478,1688772,0,1,1,0
96,4,9,24,1620804,938636,0,1,1,0
97,8,5,21,635707,1818770,0,1,1,0
98,11,4,25,555916,1384978,0,1,1,0
99,3,6,23,1822348,989893,0,1,1,0
100,5,7,27,1331188,864818,0,1,1,0
101,10,3,19,905903,1503185,0,1,1,0
102,7,1,22,544392,1970790,0,1,1,0
103,6,8,26,1331471,925996,0,1,1,0
104,2,11,22,1124839,880835,0,1,1,0
105,6,4,23,573720,1238746,0,1,1,0
106,4,9,25,1665244,860261,0,1,1,0
107,4,9,27,1202248,774123,0,1,1,0
108,2,7,21,1272622,1127385,0,1,1,0
109,8,2,18,941861,1296908,0,1,1,0
110,10,5,21,1091193,1419715,0,1,1,0
111,10,1,23,669256,1573823,0,1,1,0
112,5,8,24,1920621,868824,0,1,1,0
113,6,9,24,1719802,673634,0,1,1,0
114,1,10,26,1142238,810258,0,1,1,0
115,2,11,24,2000000,987242,0,1,1,0
116,8,2,25,515126,1910038,0,1,1,0
117,11,1,20,797070,1405511,0,1,1,0
118,7,2,22,1093383,1570968,0,1,1,0
119,1,6,26,1677017,794035,0,1,1,0
120,4,8,25,1877628,948209,0,1,1,0
121,10,4,27,1083701,1334299,0,1,1,0
122,10,5,23,1161538,1505321,0,1,1,0
123,1,11,23,1281823,879104,0,1,1,0
124,1,6,27,1478526,961537,0,1,1,0
125,1,8,20,1354796,562574,0,1,1,0
126,3,8,23,986330,912040,0,1,1,0
127,7,5,25,796030,1304775,0,1,1,0
128,3,11,27,2000000,1145491,0,1,1,0
129,4,10,18,1276877,1247607,0,1,1,0
130,6,2,25,933177,1006347,0,1,1,0
131,11,3,20,1077555,2000000,0,1,1,0
132,1,7,26,1422668,962968,0,1,1,0
133,2,6,27,1355483,1050348,0,1,1,0
134,10,5,25,576739,1962969,0,1,1,0
135,3,10,27,1716227,927394,0,1,1,0
136,6,8,23,1135435,753900,0,1,1,0
137,5,8,24,1570573,599851,0,1,1,0
138,11,4,26,939734,1470923,0,1,1,0
139,8,3,23,919658,1545285,0,1,1,0
140,6,5,25,1088975,1669291,0,1,1,0
141,4,7,23,1588637,1180708,0,1,1,0
142,6,11,23,1176997,677622,0,1,1,0
143,7,3,19,815874,1842171,0,1,1,0
144,7,4,22,659297,1311230,0,1,1,0
145,3,8,27,1958197,832145,0,1,1,0
146,2,8,20,1831362,1163621,0,1,1,0
147,7,4,20,1220409,1957527,0,1,1,0
148,2,11,21,1539018,500000,0,1,1,0
149,6,2,20,655035,1886611,0,1,1,0
150,3,11,27,1787225,1034421,0,1,1,0
151,5,11,22,1209063,1127763,0,1,1,0
152,1,8,27,1215763,687403,0,1,1,0
153,1,6,25,2000000,895034,0,1,1,0
154,7,4,22,500000,1148168,0,1,1,0
155,1,6,24,1860552,641118,0,1,1,0
156,10,3,21,710557,1993220,0,1,1,0
157,6,1,22,619383,1339023,0,1,1,0
158,8,6,20,891757,1732650,0,1,1,0
159,8,6,20,762394,1880843,0,1,1,0
160,8,1,26,671760,1922537,0,1,1,0
161,6,2,27,925731,1507706,0,1,1,0
162,10,1,25,1083735,1110446,0,1,1,0
163,9,2,26,952143,1126352,0,1,1,0
164,9,4,26,688030,1785917,0,1,1,0
165,2,7,22,1856695,715180,0,1,1,0
166,1,8,19,1956258,1251885,0,1,1,0
167,4,7,22,1261670,582156,0,1,1,0
168,10,6,25,554941,1619456,0,1,1,0
169,6,4,25,534179,1815224,0,1,1,0
170,2,10,27,1145176,500000,0,1,1,0
171,6,8,24,1134149,500000,0,1,1,0
172,8,4,21,931533,1009470,0,1,1,0
173,1,6,20,1682763,564088,0,1,1,0
174,4,9,23,1776079,688273,0,1,1,0
175,5,10,25,1409553,826392,0,1,1,0
176,6,9,18,1238308,695983,0,1,1,0
177,3,11,26,1714842,854049,0,1,1,0
178,8,1,20,583939,1774890,0,1,1,0
179,11,6,20,707425,1868661,0,1,1,0
180,9,6,22,1145173,1709304,0,1,1,0
181,5,9,23,1573611,1046893,0,1,1,0
182,10,6,23,1117313,1963592,0,1,1,0
183,10,3,27,500000,1373093,0,1,1,0
184,11,6,24,1089237,1698237,0,1,1,0
185,4,8,24,1300959,802017,0,1,1,0
186,1,7,21,1471886,802789,0,1,1,0
187,6,2,21,812786,1241611,0,1,1,0
188,2,6,23,1721833,721217,0,1,1,0
189,7,6,23,1053878,1473824,0,1,1,0
190,6,1,18,720007,1255737,0,1,1,0
191,3,11,20,1881470,918247,0,1,1,0
192,7,6,19,773415,1845131,0,1,1,0
193,6,9,19,1898932,730413,0,1,1,0
194,8,1,25,718950,1622057,0,1,1,0
195,1,6,19,1567407,855563,0,1,1,0
196,4,10,26,1422958,868165,0,1,1,0
197,10,1,20,814346,1019626,0,1,1,0
198,2,11,21,1453824,504537,0,1,1,0
199,2,9,22,1247252,844693,0,1,1,0
200,2,7,19,1288281,963187,0,1,1,0
201,4,10,19,1477519,747572,0,1,1,0
202,6,3,19,694611,2000000,0,1,1,0
203,6,2,18,693035,1938473,0,1,1,0
204,9,4,27,762956,1596567,0,1,1,0
205,3,8,26,1884751,949705,0,1,1,0
206,4,10,20,1119562,967977,0,1,1,0
207,9,5,27,1047109,1297728,0,1,1,0
208,3,6,21,1236696,877248,0,1,1,0
209,2,9,18,1751210,842708,0,1,1,0
210,3,9,24,1408230,786033,0,1,1,0
211,6,8,25,1541593,606674,0,1,1,0
212,4,10,21,1781617,751464,0,1,1,0
213,5,10,26,1693349,737062,0,1,1,0
214,4,10,22,1643235,878784,0,1,1,0
215,5,8,20,1395586,727663,0,1,1,0
216,10,1,24,619167,1371491,0,1,1,0
217,10,2,27,1053628,1382176,0,1,1,0
218,10,2,20,1028313,1987442,0,1,1,0
219,7,5,25,779254,1365585,0,1,1,0
220,5,10,24,1293106,898651,0,1,1,0
221,6,2,23,758998,1720703,0,1,1,0
222,1,9,26,1379688,921292,0,1,1,0
223,2,11,21,1432024,881556,0,1,1,0
224,3,8,21,1348655,1055855,0,1,1,0
225,11,6,27,745187,1981335,0,1,1,0
226,5,7,22,2000000,1118769,0,1,1,0
227,9,4,21,1016642,1198090,0,1,1,0
228,3,7,26,1201579,785262,0,1,1,0
229,3,6,22,1478811,584614,0,1,1,0
230,1,10,19,1852377,685147,0,1,1,0
231,7,2,18,904600,1929401,0,1,1,0
232,6,7,18,1518964,1140946,0,1,1,0
233,7,2,20,907251,1867706,0,1,1,0
234,10,4,22,899688,1642021,0,1,1,0
235,2,10,18,1302949,881073,0,1,1,0
236,4,6,25,1911081,558921,0,1,1,0
237,2,8,20,1256027,707783,0,1,1,0
238,3,7,26,1108911,1070399,0,1,1,0
239,3,7,25,1883529,841430,0,1,1,0
240,11,2,26,989753,1235930,0,1,1,0
241,7,4,23,684239,1067028,0,1,1,0
242,8,6,18,591888,1006587,0,1,1,0
243,3,7,18,1652001,1005561,0,1,1,0
244,4,8,18,1924639,795900,0,1,1,0
245,9,2,20,847375,1788262,0,1,1,0
246,3,7,20,1477758,982366,0,1,1,0
247,11,1,21,1006019,1668686,0,1,1,0
248,10,1,27,603104,1083770,0,1,1,0
249,7,3,19,1274993,1632122,0,1,1,0
250,6,8,20,1813544,1192428,0,1,1,0
251,2,10,25,1847870,715642,0,1,1,0
252,5,8,18,1456223,765827,0,1,1,0
253,4,7,20,1329710,824065,0,1,1,0
254,4,6,20,1734983,794888,0,1,1,0
255,3,9,26,1190365,755654,0,1,1,0
256,7,4,24,625157,1064150,0,1,1,0
257,6,3,26,1153891,1885481,0,1,1,0
258,7,3,19,1172033,1332831,0,1,1,0
259,6,4,21,867969,1013852,0,1,1,0
260,9,3,27,639461,1008231,0,1,1,0
261,11,1,18,1013272,1841007,0,1,1,0
262,8,4,19,517067,1039719,0,1,1,0
263,5,10,27,1857594,501036,0,1,1,0
264,6,2,18,640657,1490993,0,1,1,0
265,2,10,22,1672586,1112665,0,1,1,0
266,11,3,25,763905,1950389,0,1,1,0
267,7,2,19,847967,1750965,0,1,1,0
268,4,8,22,1064394,894264,0,1,1,0
269,6,10,21,1518074,811432,0,1,1,0
270,11,4,20,666388,1443409,0,1,1,0
271,2,11,21,1627899,672976,0,1,1,0
272,9,5,26,807675,1143881,0,1,1,0
273,5,9,26,1166022,1035957,0,1,1,0
274,1,10,24,1279934,828691,0,1,1,0
275,11,6,18,1177658,1199699,0,1,1,0
276,11,4,21,1071637,1585724,0,1,1,0
277,3,7,18,1736610,658072,0,1,1,0
278,6,11,26,2000000,706113,0,1,1,0
279,6,3,22,950535,1602002,0,1,1,0
280,1,11,26,1299085,1246919,0,1,1,0
281,6,9,19,1162501,1096967,0,1,1,0
282,2,9,25,1532958,933662,0,1,1,0
283,8,1,19,908571,1860701,0,1,1,0
284,1,7,25,1262431,1047160,0,1,1,0
285,9,4,24,1104768,1926724,0,1,1,0
286,6,3,19,996748,1692072,0,1,1,0
287,9,6,19,500000,1950518,0,1,1,0
288,7,1,19,846994,1433604,0,1,1,0
289,6,7,24,1321141,806935,0,1,1,0
290,3,8,21,1810917,930179,0,1,1,0
291,6,8,18,1127639,790682,0,1,1,0
292,4,11,21,1522858,620257,0,1,1,0
293,1,7,26,1847838,1039071,0,1,1,0
294,6,2,21,871813,1946931,0,1,1,0
295,7,6,24,799455,1204904,0,1,1,0
296,5,6,26,1962482,902375,0,1,1,0
297,6,10,21,1586402,597989,0,1,1,0
298,6,8,22,1584462,703722,0,1,1,0
299,7,3,19,1042760,1364642,0,1,1,0
300,10,5,27,552041,1506931,0,1,1,0
301,2,6,20,1158832,500000,0,1,1,0
302,9,4,27,1270250,1457768,0,1,1,0
303,6,7,24,1202567,787060,0,1,1,0
304,11,4,24,885597,1873410,0,1,1,0
305,2,10,22,1774117,772911,0,1,1,0
306,9,2,22,662536,1118016,0,1,1,0
307,11,2,25,1080362,1809239,0,1,1,0
308,8,4,23,635441,1495139,0,1,1,0
309,6,3,27,696358,1990403,0,1,1,0
310,9,2,24,740829,1777872,0,1,1,0
311,6,3,20,917393,2000000,0,1,1,0
312,10,5,25,862528,1850611,0,1,1,0
313,7,6,21,873341,1664149,0,1,1,0
314,5,11,21,1439790,1085605,0,1,1,0
315,8,4,22,849494,1859436,0,1,1,0
316,10,3,19,748027,1575334,0,1,1,0
317,2,11,23,1159882,977605,0,1,1,0
318,1,7,20,1050257,1040733,0,1,1,0
319,8,5,20,552111,1765395,0,1,1,0
320,10,4,19,833556,1168281,0,1,1,0
321,10,4,26,598550,1162051,0,1,1,0
322,7,2,19,775485,1792719,0,1,1,0
323,8,5,25,571633,1425333,0,1,1,0
324,8,1,25,531371,1260568,0,1,1,0
325,7,4,27,764706,1812604,0,1,1,0
326,6,9,22,1671806,1054429,0,1,1,0
327,9,3,22,991078,1014667,0,1,1,0
328,4,9,19,1474684,1132328,0,1,1,0
329,2,6,20,1853244,662027,0,1,1,0
330,3,8,24,1727836,1168563,0,1,1,0
331,7,5,27,618998,1249435,0,1,1,0
332,6,5,25,575770,1772504,0,1,1,0
333,2,11,19,1258119,1239271,0,1,1,0
334,3,7,21,2000000,1025372,0,1,1,0
335,4,8,26,1655875,1107319,0,1,1,0
336,9,3,18,747967,1648591,0,1,1,0
337,10,5,19,1181814,1436722,0,1,1,0
338,3,7,19,1333001,543924,0,1,1,0
339,10,6,25,809988,1507867,0,1,1,0
340,3,9,27,1671071,563993,0,1,1,0
341,6,5,22,1288999,1649372,0,1,1,0
342,7,3,20,820526,1121350,0,1,1,0
343,4,10,24,1239032,1088529,0,1,1,0
344,6,1,22,780653,1278324,0,1,1,0
345,9,3,18,733174,1753694,0,1,1,0
346,5,6,27,1104127,781972,0,1,1,0
347,1,7,26,1252766,1003973,0,1,1,0
348,1,10,18,1254069,1145202,0,1,1,0
349,5,6,25,1940779,1121423,0,1,1,0
350,11,2,24,758261,1118417,0,1,1,0
351,3,10,27,1562654,1192588,0,1,1,0
352,7,5,25,992601,1741141,0,1,1,0
353,3,9,18,1424136,741221,0,1,1,0
354,8,4,20,1265747,1516846,0,1,1,0
355,4,11,25,1596653,844653,0,1,1,0
356,3,7,24,1322592,604062,0,1,1,0
357,3,7,21,2000000,559498,0,1,1,0
358,6,3,26,864121,1538002,0,1,1,0
359,8,6,21,1162317,1306612,0,1,1,0
360,11,2,26,1074007,1571728,0,1,1,0
361,8,5,25,943167,1480431,0,1,1,0
362,11,3,24,703525,1261978,0,1,1,0
363,1,8,18,1852640,862035,0,1,1,0
364,2,11,24,1062417,679297,0,1,1,0
365,7,2,18,1087682,1754528,0,1,1,0
366,4,6,24,1187425,921874,0,1,1,0
367,3,9,22,1395292,989476,0,1,1,0
368,8,1,25,747116,1151998,0,1,1,0
369,10,2,24,855254,1221945,0,1,1,0
370,6,11,25,1245749,1028396,0,1,1,0
371,8,5,19,1056962,1298581,0,1,1,0
372,2,8,24,1305876,631002,0,1,1,0
373,1,10,22,1664117,836861,0,1,1,0
374,7,3,25,1263762,1270948,0,1,1,0
375,4,6,22,1289146,916885,0,1,1,0
376,10,6,27,643808,1618081,0,1,1,0
377,5,6,23,1443027,1181053,0,1,1,0
378,8,3,27,871725,1915348,0,1,1,0
379,7,3,18,1116922,1517778,0,1,1,0
380,8,5,25,960069,1478638,0,1,1,0
381,3,9,20,1156839,710817,0,1,1,0
382,11,6,25,1031791,1181269,0,1,1,0
383,5,7,21,1405103,1156558,0,1,1,0
384,9,5,27,774007,1540563,0,1,1,0
385,5,11,21,1321284,1033905,0,1,1,0
386,5,7,22,1164500,1055446,0,1,1,0
387,6,11,27,1465338,1249221,0,1,1,0
388,9,1,23,700546,1571777,0,1,1,0
389,5,10,22,1474102,752535,0,1,1,0
390,7,4,22,801577,1527170,0,1,1,0
391,11,4,27,508742,1663572,0,1,1,0
392,9,6,18,676459,1292702,0,1,1,0
393,10,1,19,1050635,1651485,0,1,1,0
394,3,10,18,1143967,636749,0,1,1,0
395,1,6,23,1636389,1060856,0,1,1,0
396,1,11,24,1844462,1038841,0,1,1,0
397,6,11,23,1270721,918410,0,1,1,0
398,8,5,18,655073,1818385,0,1,1,0
399,8,1,23,802502,1699244,0,1,1,0
400,5,9,25,1706112,886431,0,1,1,0
401,9,4,19,1144276,1424135,0,1,1,0
402,8,1,19,512572,1491809,0,1,1,0
403,3,7,23,1589134,1233894,0,1,1,0
404,4,11,22,1101103,538498,0,1,1,0
405,4,10,25,1543537,522508,0,1,1,0
406,3,10,21,1731746,875640,0,1,1,0
407,1,8,21,1224430,948148,0,1,1,0
408,11,4,20,700534,1512698,0,1,1,0
409,2,11,23,1713737,713079,0,1,1,0
410,2,6,27,1657245,615671,0,1,1,0
411,10,5,21,887147,1056349,0,1,1,0
412,10,1,21,506895,1756777,0,1,1,0
413,2,11,26,1638328,853327,0,1,1,0
414,1,8,22,2000000,670674,0,1,1,0
415,7,5,23,616074,1062164,0,1,1,0
416,8,5,23,683485,1218320,0,1,1,0
417,10,4,21,759232,1006786,0,1,1,0
418,6,3,22,905592,1380478,0,1,1,0
419,6,3,20,1104716,1816390,0,1,1,0
420,9,5,22,884426,1703281,0,1,1,0
421,11,6,27,532930,1687273,0,1,1,0
422,2,10,24,1658883,1133063,0,1,1,0
423,5,6,27,1956394,1175690,0,1,1,0
424,8,1,18,980420,1731734,0,1,1,0
425,9,2,19,500000,1838613,0,1,1,0
426,6,1,18,1061679,1488794,0,1,1,0
427,6,11,23,1881872,1267073,0,1,1,0
428,1,7,26,1146029,884871,0,1,1,0
429,6,7,21,1327185,1179663,0,1,1,0
430,9,2,22,825121,1427843,0,1,1,0
431,2,9,21,1152364,741003,0,1,1,0
432,4,8,18,1380448,897080,0,1,1,0
433,11,3,18,868895,1090201,0,1,1,0
434,11,2,21,923096,1173360,0,1,1,0
435,6,7,25,1152057,1064753,0,1,1,0
436,3,8,19,1690477,1127536,0,1,1,0
437,2,8,18,1541788,1016881,0,1,1,0
438,2,6,25,1694091,606850,0,1,1,0
439,6,3,19,624044,1779112,0,1,1,0
440,11,3,21,761080,1350751,0,1,1,0
441,7,2,27,614140,1245851,0,1,1,0
442,5,9,18,1131575,815869,0,1,1,0
443,6,8,22,1853039,947358,0,1,1,0
444,5,7,22,1627885,1150327,0,1,1,0
445,5,6,24,1012995,767161,0,1,1,0
446,10,5,23,1028709,1790668,0,1,1,0
447,7,6,18,1082637,1822320,0,1,1,0
448,11,3,18,893916,1250233,0,1,1,0
449,11,6,21,1100782,1912500,0,1,1,0
450,3,7,18,1026852,792955,0,1,1,0
451,9,4,26,588942,1605047,0,1,1,0
452,6,5,23,967995,2000000,0,1,1,0
453,9,4,26,1020690,1871925,0,1,1,0
454,1,11,21,1404545,607451,0,1,1,0
455,1,8,26,1583433,618288,0,1,1,0
456,7,2,21,770147,1544826,0,1,1,0
457,6,7,21,1055871,634993,0,1,1,0
458,3,8,25,1327646,933901,0,1,1,0
459,3,7,22,1178657,986236,0,1,1,0
460,8,5,22,1153735,1373700,0,1,1,0
461,11,2,24,881266,1939429,0,1,1,0
462,9,1,24,514811,1134184,0,1,1,0
463,11,5,22,1039816,2000000,0,1,1,0
464,8,6,20,602963,1932179,0,1,1,0
465,9,2,19,861129,1346062,0,1,1,0
466,9,2,21,615501,1256148,0,1,1,0
467,1,8,20,1955503,1057805,0,1,1,0
468,6,11,18,2000000,556362,0,1,1,0
469,9,6,18,1253356,1689993,0,1,1,0
470,1,10,23,1143088,500000,0,1,1,0
471,4,9,22,1919391,1131040,0,1,1,0
472,10,4,18,606696,1844389,0,1,1,0
473,10,2,18,572543,1742875,0,1,1,0
474,1,7,19,1666348,993409,0,1,1,0
475,4,7,20,1933595,932025,0,1,1,0
476,9,1,27,630781,1629452,0,1,1,0
477,5,7,22,1723823,667208,0,1,1,0
478,10,4,20,576712,1310873,0,1,1,0
479,6,10,21,1513915,910880,0,1,1,0
480,6,2,19,988471,1287027,0,1,1,0
481,11,6,18,941371,1706055,0,1,1,0
482,7,2,21,1001573,1177482,0,1,1,0
483,9,3,23,645870,1199567,0,1,1,0
484,7,1,18,766006,1812440,0,1,1,0
485,3,9,18,1703310,1113407,0,1,1,0
486,11,5,18,1073727,1905563,0,1,1,0
487,10,6,23,881570,1190640,0,1,1,0
488,4,10,20,1490035,515439,0,1,1,0
489,4,11,20,1514690,631160,0,1,1,0
490,8,4,22,500000,1359026,0,1,1,0
491,7,6,19,701837,1673920,0,1,1,0
492,4,6,27,1202378,960254,0,1,1,0
493,6,4,18,995089,1359415,0,1,1,0
494,5,11,18,1043702,752507,0,1,1,0
495,6,7,23,1176372,1131769,0,1,1,0
496,4,7,25,1182379,966640,0,1,1,0
497,2,7,25,1395206,1075215,0,1,1,0
498,11,4,27,744567,1615907,0,1,1,0
499,11,3,21,607546,1458894,0,1,1,0
500,1,11,19,1322993,648490,0,1,1,0
501,11,1,27,956437,1845376,0,1,1,0
502,6,9,27,1885555,967337,0,1,1,0
503,4,7,22,1730141,523973,0,1,1,0
504,3,6,24,1281321,1138848,0,1,1,0
505,9,1,22,787420,1834534,0,1,1,0
506,3,9,19,1781146,953676,0,1,1,0
507,4,11,24,1649048,963994,0,1,1,0
508,11,4,23,668507,1347753,0,1,1,0
509,9,2,25,919683,1301735,0,1,1,0
510,6,9,25,1339174,883137,0,1,1,0
511,5,8,21,1450200,500000,0,1,1,0
512,8,2,27,980060,1117683,0,1,1,0
513,2,11,21,1865293,1135159,0,1,1,0
514,6,10,23,1915696,828879,0,1,1,0
515,6,7,18,1091247,1069382,0,1,1,0
516,4,9,24,2000000,1129016,0,1,1,0
517,3,7,24,1118516,1000431,0,1,1,0
518,5,7,23,1566385,991070,0,1,1,0
519,4,10,22,1968814,615417,0,1,1,0
520,7,6,20,1095370,1119936,0,1,1,0
521,10,3,20,833171,1588547,0,1,1,0
522,11,1,26,1219040,2000000,0,1,1,0
523,4,9,23,1541040,972201,0,1,1,0
524,4,7,21,1072775,1065133,0,1,1,0
525,7,4,23,964907,1497131,0,1,1,0
526,9,6,27,712856,1047149,0,1,1,0
527,11,2,20,940957,1328326,0,1,1,0
528,6,7,24,1456324,1040583,0,1,1,0
529,7,3,26,741395,1168586,0,1,1,0
530,5,7,24,1620983,616160,0,1,1,0
531,10,1,18,825273,1072252,0,1,1,0
532,9,4,26,1247089,1653759,0,1,1,0
533,2,10,27,1218725,1005734,0,1,1,0
534,1,7,18,1189528,737576,0,1,1,0
535,9,3,20,820370,970765,0,1,1,0
536,8,6,26,669727,1114617,0,1,1,0
537,5,7,22,1909679,669750,0,1,1,0
538,11,4,22,652246,1923992,0,1,1,0
539,5,10,19,1520494,726037,0,1,1,0
540,2,10,21,1177367,972968,0,1,1,0
541,4,8,18,1883493,1128060,0,1,1,0
542,7,3,26,761973,1311356,0,1,1,0
543,6,11,23,1321200,1059900,0,1,1,0
544,3,10,21,1943898,573561,0,1,1,0
545,11,1,26,986317,1240626,0,1,1,0
546,4,7,22,1873479,937577,0,1,1,0
547,8,2,26,717231,1866259,0,1,1,0
548,6,7,26,1718195,766473,0,1,1,0
549,1,9,18,1856373,1128392,0,1,1,0
550,3,9,25,1216160,697286,0,1,1,0
551,3,11,20,1204591,995855,0,1,1,0
552,8,6,25,915589,1719838,0,1,1,0
553,9,4,21,891829,1258830,0,1,1,0
554,7,4,25,640813,1576427,0,1,1,0
555,3,9,26,1877950,562733,0,1,1,0
556,9,2,21,617197,1630516,0,1,1,0
557,2,8,27,1241013,552741,0,1,1,0
558,7,6,19,541575,1950708,0,1,1,0
559,1,11,26,1144526,967361,0,1,1,0
560,1,8,23,1719358,935377,0,1,1,0
561,11,2,19,942679,1478200,0,1,1,0
562,1,7,26,1761261,1130330,0,1,1,0
563,9,4,20,880452,1617975,0,1,1,0
564,7,2,25,796860,1496988,0,1,1,0
565,9,6,25,691551,1293998,0,1,1,0
566,3,9,22,1253168,542417,0,1,1,0
567,7,5,27,500000,1544683,0,1,1,0
568,2,7,21,1146071,945674,0,1,1,0
569,5,7,27,1231089,643796,0,1,1,0
570,10,4,18,590531,956750,0,1,1,0
571,6,11,23,1407496,1097947,0,1,1,0
572,4,10,19,1757974,828410,0,1,1,0
573,9,6,18,519883,1061507,0,1,1,0
574,6,7,25,1607700,1031390,0,1,1,0
575,2,10,24,1174641,505157,0,1,1,0
576,2,9,19,1575640,566212,0,1,1,0
577,7,3,25,527628,1581116,0,1,1,0
578,4,9,21,1778876,990205,0,1,1,0
579,3,10,26,1654369,650286,0,1,1,0
580,4,11,24,1817255,876246,0,1,1,0
581,1,8,22,1358689,1111019,0,1,1,0
582,7,4,25,882855,1291798,0,1,1,0
583,6,1,20,1072678,1240399,0,1,1,0
584,6,3,20,997187,1448410,0,1,1,0
585,1,11,24,1305394,761783,0,1,1,0
586,11,6,25,1071552,1964288,0,1,1,0
587,10,5,19,676016,1267263,0,1,1,0
588,8,2,24,720649,1598289,0,1,1,0
589,3,7,24,1957814,929221,0,1,1,0
590,3,9,20,1033309,818232,0,1,1,0
591,11,2,18,776894,1500662,0,1,1,0
592,8,2,26,1023518,1585348,0,1,1,0
593,7,6,27,868013,1790209,0,1,1,0
594,3,11,23,1414566,541452,0,1,1,0
595,8,3,26,933454,1029021,0,1,1,0
596,6,7,24,1317685,759872,0,1,1,0
597,8,2,26,596224,943958,0,1,1,0
598,8,2,18,657562,1151553,0,1,1,0
599,7,4,22,598084,1059380,0,1,1,0
600,6,3,19,972151,1388967,0,1,1,0
601,11,6,24,649474,1170078,0,1,1,0
602,1,8,20,1705189,993924,0,1,1,0
603,1,8,21,1550065,880306,0,1,1,0
604,3,10,27,1178981,797399,0,1,1,0
605,8,4,26,807823,1963743,0,1,1,0
606,5,6,19,1140433,572725,0,1,1,0
607,11,1,25,634242,1896164,0,1,1,0
608,6,1,18,1234401,1894394,0,1,1,0
609,3,9,21,1250340,951836,0,1,1,0
610,2,11,26,1709909,947728,0,1,1,0
611,5,7,27,1829471,747431,0,1,1,0
612,11,6,26,615734,1081884,0,1,1,0
613,10,3,23,889830,1248482,0,1,1,0
614,6,11,25,1729065,873466,0,1,1,0
615,10,4,24,767251,1880657,0,1,1,0
616,7,5,25,692721,1254380,0,1,1,0
617,5,9,27,1834126,521963,0,1,1,0
618,7,1,19,894828,1936367,0,1,1,0
619,7,1,27,592122,1736930,0,1,1,0
620,4,10,25,1547724,579573,0,1,1,0
621,5,7,25,1223146,849424,0,1,1,0
622,7,3,23,836516,1838186,0,1,1,0
623,9,5,19,729666,1674783,0,1,1,0
624,4,6,24,1304120,1171841,0,1,1,0
625,10,1,24,1121900,2000000,0,1,1,0
626,10,1,25,832763,1260099,0,1,1,0
627,2,6,20,1585763,627692,0,1,1,0
628,5,8,20,1332573,847633,0,1,1,0
629,2,6,22,1785792,1128935,0,1,1,0
630,10,4,23,659118,1273098,0,1,1,0
631,8,2,18,860386,1213225,0,1,1,0
632,10,3,20,834582,1443623,0,1,1,0
633,6,5,27,648425,2000000,0,1,1,0
634,9,6,27,500000,1524105,0,1,1,0
635,3,10,19,1387101,908248,0,1,1,0
636,6,10,26,1410714,917815,0,1,1,0
637,6,5,26,1098954,1671369,0,1,1,0
638,1,11,20,1438648,639315,0,1,1,0
639,1,7,21,1735276,885891,0,1,1,0
640,8,4,25,698133,1842511,0,1,1,0
641,9,6,23,635521,1079409,0,1,1,0
642,6,9,24,1691056,500000,0,1,1,0
643,2,7,20,1718112,609890,0,1,1,0
644,5,9,20,1622569,1159480,0,1,1,0
645,10,6,19,1000037,1621777,0,1,1,0
646,9,2,27,656627,1324264,0,1,1,0
647,5,9,18,1567455,669370,0,1,1,0
648,7,3,24,1198625,1700141,0,1,1,0
649,6,1,26,885173,1667111,0,1,1,0
650,10,2,20,500000,1198766,0,1,1,0
651,7,5,23,985704,1095161,0,1,1,0
652,6,1,22,780518,2000000,0,1,1,0
653,5,6,19,1711180,506424,0,1,1,0
654,7,3,21,677031,1523285,0,1,1,0
655,5,7,19,1634162,500000,0,1,1,0
656,7,6,19,1093298,1638530,0,1,1,0
657,5,8,26,1618797,760181,0,1,1,0
658,6,4,25,1013469,1091766,0,1,1,0
659,7,1,18,591669,1924206,0,1,1,0
660,1,6,20,1161143,1062515,0,1,1,0
661,9,3,24,676504,1188321,0,1,1,0
662,9,1,23,692789,1485870,0,1,1,0
663,6,10,24,2000000,765111,0,1,1,0
664,1,6,20,1794888,704206,0,1,1,0
665,8,2,25,616895,1721001,0,1,1,0
666,6,10,24,1624378,573465,0,1,1,0
667,7,6,26,500000,1082815,0,1,1,0
668,2,6,27,1346351,1048452,0,1,1,0
669,9,3,22,970725,1228829,0,1,1,0
670,8,1,18,595222,1451154,0,1,1,0
671,2,7,21,1103586,712635,0,1,1,0
672,5,11,19,2000000,854060,0,1,1,0
673,3,7,26,1175215,729923,0,1,1,0
674,9,4,27,567947,1925543,0,1,1,0
675,10,1,21,762569,1337897,0,1,1,0
676,1,6,20,1126627,569305,0,1,1,0
677,8,1,19,500000,1840000,0,1,1,0
678,2,6,21,1432235,1258015,0,1,1,0
679,5,9,26,1635585,994092,0,1,1,0
680,6,2,24,882304,1454409,0,1,1,0
681,7,1,19,884093,966380,0,1,1,0
682,1,8,19,938018,857967,0,1,1,0
683,10,5,22,819166,1629280,0,1,1,0
684,8,5,26,598408,1965691,0,1,1,0
685,11,3,20,799289,1124834,0,1,1,0
686,3,6,20,1169358,915459,0,1,1,0
687,1,6,27,1112178,785654,0,1,1,0
688,3,7,19,1783097,844441,0,1,1,0
689,6,5,18,978466,1062258,0,1,1,0
690,6,5,20,1068272,1728541,0,1,1,0
691,11,6,20,1094105,1108306,0,1,1,0
692,5,6,22,1398945,641013,0,1,1,0
693,9,4,20,833306,1395266,0,1,1,0
694,5,10,19,1162501,669617,0,1,1,0
695,5,10,23,1162615,743256,0,1,1,0
696,8,2,23,500000,1213149,0,1,1,0
697,7,5,19,967344,1641554,0,1,1,0
698,4,6,21,1309153,1142478,0,1,1,0
699,3,6,18,1303603,941395,0,1,1,0
700,11,1,23,1057529,1840749,0,1,1,0
701,9,6,20,933443,1001114,0,1,1,0
702,11,4,23,981200,1774152,0,1,1,0
703,6,3,27,847216,1827217,0,1,1,0
704,11,6,25,743254,1655401,0,1,1,0
705,4,11,26,1023935,840221,0,1,1,0
706,1,11,22,1561129,1197539,0,1,1,0
707,9,5,24,781291,1933219,0,1,1,0
708,9,1,24,872652,1471074,0,1,1,0
709,5,10,26,1143540,500000,0,1,1,0
710,2,9,21,1421197,720110,0,1,1,0
711,1,11,27,1229884,1012689,0,1,1,0
712,2,9,22,1807536,990690,0,1,1,0
713,9,6,21,639288,1139757,0,1,1,0
714,7,2,18,968625,1533810,0,1,1,0
715,11,1,24,500000,1005969,0,1,1,0
716,6,10,26,1170474,768045,0,1,1,0
717,6,1,25,989642,1056922,0,1,1,0
718,1,8,25,1408784,790288,0,1,1,0
719,3,7,25,1067128,895872,0,1,1,0
720,8,5,22,1187200,1496910,0,1,1,0
721,5,10,19,1674810,884444,0,1,1,0
722,3,8,26,1973158,614746,0,1,1,0
723,2,10,21,1491008,1025264,0,1,1,0
724,8,2,18,1039946,1715966,0,1,1,0
725,3,6,20,1543668,990288,0,1,1,0
726,3,8,22,1787896,818089,0,1,1,0
727,4,9,18,1478733,544084,0,1,1,0
728,10,4,20,933250,1422171,0,1,1,0
729,1,11,22,1551610,1089339,0,1,1,0
730,4,11,23,1853343,1055541,0,1,1,0
731,4,11,23,1596258,786531,0,1,1,0
732,3,10,19,1302657,1280412,0,1,1,0
733,3,6,18,2000000,742366,0,1,1,0
734,10,2,20,890496,1649262,0,1,1,0
735,2,7,25,1780394,685870,0,1,1,0
736,2,6,22,1510102,843414,0,1,1,0
737,6,1,22,1131273,2000000,0,1,1,0
738,3,6,20,1867527,653134,0,1,1,0
739,4,11,22,1941557,873333,0,1,1,0
740,4,6,19,1595220,1000586,0,1,1,0
741,5,11,23,1224262,1065114,0,1,1,0
742,10,6,21,1014131,1126523,0,1,1,0
743,9,3,22,625435,1386339,0,1,1,0
744,1,6,25,1309822,633673,0,1,1,0
745,8,6,27,992610,1782619,0,1,1,0
746,10,3,26,731830,1734983,0,1,1,0
747,8,1,22,613273,1714869,0,1,1,0
748,6,7,22,2000000,967542,0,1,1,0
749,6,4,22,782470,1074033,0,1,1,0
750,6,2,19,1104180,1523091,0,1,1,0
751,8,2,18,753339,1679051,0,1,1,0
752,5,8,19,1863357,872759,0,1,1,0
753,9,4,25,648169,1919784,0,1,1,0
754,5,8,26,1463045,837058,0,1,1,0
755,1,7,25,1855199,871187,0,1,1,0
756,3,8,18,1982946,1002518,0,1,1,0
757,2,10,24,1074147,658526,0,1,1,0
758,10,4,18,628892,1101469,0,1,1,0
759,2,8,22,1232861,694443,0,1,1,0
760,7,6,20,1063273,1950898,0,1,1,0
761,7,6,26,1197295,1216112,0,1,1,0
762,2,8,21,1359865,610575,0,1,1,0
763,9,6,24,561997,1176430,0,1,1,0
764,11,5,21,582686,1421512,0,1,1,0
765,2,11,25,1232700,620909,0,1,1,0
766,10,3,25,1111557,1362606,0,1,1,0
767,11,4,21,589215,1340368,0,1,1,0
768,9,1,20,723676,1608781,0,1,1,0
769,7,4,18,935841,1280131,0,1,1,0
770,6,2,27,1006191,1898156,0,1,1,0
771,6,4,24,945269,1029002,0,1,1,0
772,10,6,27,1054057,1785869,0,1,1,0
773,6,11,25,2000000,1098286,0,1,1,0
774,4,8,23,1743351,1181935,0,1,1,0
775,3,10,25,1578884,659747,0,1,1,0
776,4,10,23,1528205,725627,0,1,1,0
777,4,9,19,1952108,894369,0,1,1,0
778,3,10,25,1311914,737671,0,1,1,0
779,7,1,23,880149,1524094,0,1,1,0
780,7,2,25,650457,1792297,0,1,1,0
781,6,5,22,719006,1909399,0,1,1,0
782,3,8,20,1627305,777551,0,1,1,0
783,1,6,21,1375781,660934,0,1,1,0
784,10,1,26,704655,1306695,0,1,1,0
785,9,2,27,884916,1253429,0,1,1,0
786,4,10,21,1394538,1034963,0,1,1,0
787,1,10,27,1542907,853752,0,1,1,0
788,7,6,21,827657,1781352,0,1,1,0
789,6,9,21,1450387,721719,0,1,1,0
790,5,7,26,915272,559748,0,1,1,0
791,4,9,25,1183303,581575,0,1,1,0
792,6,1,18,500000,1214815,0,1,1,0
793,6,1,24,650160,1263695,0,1,1,0
794,2,10,26,1704223,1168529,0,1,1,0
795,1,10,21,1123732,617073,0,1,1,0
796,6,5,24,615222,1348013,0,1,1,0
797,4,9,25,1674732,584543,0,1,1,0
798,1,7,24,1346711,776639,0,1,1,0
799,9,5,22,919801,1436213,0,1,1,0
800,10,5,25,652272,1347841,0,1,1,0
801,10,6,24,1085064,1359939,0,1,1,0
802,7,4,20,978617,1074524,0,1,1,0
803,8,4,21,1044935,1334938,0,1,1,0
804,10,3,22,979292,1575297,0,1,1,0
805,6,3,23,1065335,1765759,0,1,1,0
806,2,6,22,1348146,537410,0,1,1,0
807,9,6,26,743416,1760054,0,1,1,0
808,1,9,26,1561003,576042,0,1,1,0
809,4,6,22,1490132,711003,0,1,1,0
810,6,11,21,1539875,1136374,0,1,1,0
811,4,6,24,1785164,665769,0,1,1,0
812,4,9,19,1497422,1180840,0,1,1,0
813,11,2,21,835188,1823826,0,1,1,0
814,11,4,25,760262,1550793,0,1,1,0
815,11,2,27,770551,1819176,0,1,1,0
816,7,4,18,769880,1625786,0,1,1,0
817,4,10,23,1156072,903559,0,1,1,0
818,6,2,20,914141,1465627,0,1,1,0
819,6,3,19,868979,1883780,0,1,1,0
820,10,2,21,669463,1684643,0,1,1,0
821,11,6,22,605897,1789805,0,1,1,0
822,5,10,18,1554064,1074845,0,1,1,0
823,6,10,21,1514540,504553,0,1,1,0
824,6,5,27,968054,1084497,0,1,1,0
825,8,4,22,673039,1361064,0,1,1,0
826,9,1,25,1038550,1958226,0,1,1,0
827,7,6,19,548839,1656266,0,1,1,0
828,8,1,18,1196387,1640018,0,1,1,0
829,8,2,20,821238,995816,0,1,1,0
830,8,6,23,620538,2000000,0,1,1,0
831,7,1,18,743702,1788658,0,1,1,0
832,10,3,24,1019084,1389261,0,1,1,0
833,11,3,23,949464,1905323,0,1,1,0
834,10,1,20,527754,1427615,0,1,1,0
835,7,2,18,1014509,2000000,0,1,1,0
836,4,7,27,1315671,874338,0,1,1,0
837,2,11,24,1719657,1087918,0,1,1,0
838,11,3,21,966220,1583655,0,1,1,0
839,5,6,24,1123535,860842,0,1,1,0
840,3,6,22,1377636,951819,0,1,1,0
841,5,11,23,1745507,590808,0,1,1,0
842,7,3,25,655202,1258453,0,1,1,0
843,2,9,24,1179061,958045,0,1,1,0
844,2,7,21,1918878,553110,0,1,1,0
845,5,10,22,1536482,1109083,0,1,1,0
846,10,4,24,866558,1183207,0,1,1,0
847,5,8,24,1862858,656129,0,1,1,0
848,6,5,24,775080,1084381,0,1,1,0
849,6,8,21,991931,583262,0,1,1,0
850,2,8,27,1282230,650837,0,1,1,0
851,1,6,22,1056699,867542,0,1,1,0
852,6,8,20,1038242,832631,0,1,1,0
853,6,4,23,616856,1628427,0,1,1,0
854,9,3,21,1145578,1583291,0,1,1,0
855,6,10,23,1585366,612412,0,1,1,0
856,2,9,25,1980874,798431,0,1,1,0
857,2,7,21,1413178,1055401,0,1,1,0
858,8,5,25,1195836,1531121,0,1,1,0
859,3,11,18,1426876,700185,0,1,1,0
860,10,4,25,944862,1587795,0,1,1,0
861,1,9,21,978699,801060,0,1,1,0
862,6,10,25,1062222,500000,0,1,1,0
863,10,1,23,500000,1505572,0,1,1,0
864,6,1,22,870172,1117059,0,1,1,0
865,8,4,22,1155936,1237591,0,1,1,0
866,1,8,18,1555523,500000,0,1,1,0
867,9,4,23,689087,1163418,0,1,1,0
868,9,1,18,1051779,1206353,0,1,1,0
869,9,3,20,855940,1628888,0,1,1,0
870,2,10,23,1764649,603037,0,1,1,0
871,6,9,19,1592613,1269860,0,1,1,0
872,10,3,27,1004888,1879229,0,1,1,0
873,10,6,26,855742,1433418,0,1,1,0
874,11,1,24,1113811,1596062,0,1,1,0
875,7,1,19,683749,1751777,0,1,1,0
876,6,10,24,974846,960338,0,1,1,0
877,7,5,21,582990,1692336,0,1,1,0
878,9,4,18,599608,1050588,0,1,1,0
879,11,2,19,1012194,1185225,0,1,1,0
880,8,1,23,1087733,1278144,0,1,1,0
881,2,11,20,1884081,1103598,0,1,1,0
882,3,10,25,1669599,577529,0,1,1,0
883,8,5,23,620643,1478811,0,1,1,0
884,6,10,22,1562310,1043364,0,1,1,0
885,2,8,18,1579690,756996,0,1,1,0
886,7,3,19,878089,1730165,0,1,1,0
887,6,10,18,1100884,579734,0,1,1,0
888,11,2,25,867429,2000000,0,1,1,0
889,10,6,23,1158549,1551962,0,1,1,0
890,9,5,23,753867,1866889,0,1,1,0
891,11,6,23,935085,1362568,0,1,1,0
892,8,1,19,1013110,2000000,0,1,1,0
893,6,11,23,2000000,552668,0,1,1,0
894,1,7,18,1907333,577035,0,1,1,0
895,3,8,19,1459271,1055672,0,1,1,0
896,5,10,25,1583644,659390,0,1,1,0
897,5,6,21,1258385,670333,0,1,1,0
898,11,1,23,912948,1677334,0,1,1,0
899,5,10,22,1188902,581624,0,1,1,0
900,5,6,21,1690403,1120568,0,1,1,0
901,1,9,26,1942225,797365,0,1,1,0
902,1,6,26,1249840,700921,0,1,1,0
903,4,11,26,1906195,500000,0,1,1,0
904,1,7,18,1377702,1066176,0,1,1,0
905,10,3,25,987909,1635687,0,1,1,0
906,3,10,27,1739311,800290,0,1,1,0
907,1,8,24,1146843,858224,0,1,1,0
908,5,8,25,1541556,768058,0,1,1,0
909,4,11,25,1338539,1250437,0,1,1,0
910,10,4,25,758112,1404657,0,1,1,0
911,6,3,19,804784,1796207,0,1,1,0
912,3,10,25,1256418,557835,0,1,1,0
913,9,5,20,1091419,1918723,0,1,1,0
914,9,6,23,574485,1802668,0,1,1,0
915,4,9,25,1094446,527423,0,1,1,0
916,1,8,24,1257122,945195,0,1,1,0
917,1,11,25,1236002,769602,0,1,1,0
918,4,7,27,1564088,507262,0,1,1,0
919,3,8,19,1670548,883798,0,1,1,0
920,10,5,24,898006,982412,0,1,1,0
921,4,11,18,1159814,1126495,0,1,1,0
922,4,7,20,1290581,736186,0,1,1,0
923,3,9,19,1165785,691860,0,1,1,0
924,11,2,26,761480,1110222,0,1,1,0
925,9,1,26,1095425,1807087,0,1,1,0
926,8,2,20,708127,1204560,0,1,1,0
927,6,9,22,1236614,1053762,0,1,1,0
928,7,4,19,892745,1393410,0,1,1,0
929,4,11,23,1874332,889194,0,1,1,0
930,10,4,25,937873,1057965,0,1,1,0
931,8,3,27,1042585,1595705,0,1,1,0
932,9,1,27,1077772,1183012,0,1,1,0
933,6,4,26,1129842,1502916,0,1,1,0
934,6,8,24,1229674,873484,0,1,1,0
935,3,11,21,1735572,625082,0,1,1,0
936,7,5,23,1049804,1864673,0,1,1,0
937,8,2,25,821557,942017,0,1,1,0
938,10,4,18,1028644,1447100,0,1,1,0
939,8,6,25,528994,1771337,0,1,1,0
940,10,4,27,1098137,1664472,0,1,1,0
941,7,4,20,571652,1301840,0,1,1,0
942,5,6,27,1988995,654445,0,1,1,0
943,5,6,25,1784956,696929,0,1,1,0
944,6,9,24,1874827,718177,0,1,1,0
945,3,9,18,1317751,1023020,0,1,1,0
946,5,6,27,1338873,1079201,0,1,1,0
947,11,5,21,532761,1342543,0,1,1,0
948,7,2,22,918787,2000000,0,1,1,0
949,10,2,24,598956,1470820,0,1,1,0
950,11,5,21,611641,1790925,0,1,1,0
951,6,11,20,973008,855050,0,1,1,0
952,4,9,20,1195219,663282,0,1,1,0
953,8,6,21,1061129,1302322,0,1,1,0
954,8,4,24,990027,1869665,0,1,1,0
955,5,11,23,1980964,1129303,0,1,1,0
956,11,5,22,1017086,1437281,0,1,1,0
957,8,6,21,846744,1720403,0,1,1,0
958,2,11,20,1723129,1100878,0,1,1,0
959,7,4,19,929973,1826389,0,1,1,0
960,4,9,24,1513189,755688,0,1,1,0
961,6,9,24,1860464,1171928,0,1,1,0
962,3,7,21,1805621,684648,0,1,1,0
963,7,4,24,645307,1664335,0,1,1,0
964,6,5,27,1031542,1275532,0,1,1,0
965,6,1,18,649402,1110790,0,1,1,0
966,10,6,25,838369,1937818,0,1,1,0
967,11,4,19,777530,1191269,0,1,1,0
968,10,6,19,945777,1493148,0,1,1,0
969,1,7,27,1144590,879841,0,1,1,0
970,8,4,24,535171,1064785,0,1,1,0
971,11,5,19,1022369,1428754,0,1,1,0
972,6,5,26,515108,1466652,0,1,1,0
973,3,10,25,1907157,580022,0,1,1,0
974,5,7,25,990182,875539,0,1,1,0
975,10,3,22,1078210,1316362,0,1,1,0
976,3,11,25,1984706,1031881,0,1,1,0
977,6,3,22,801219,1226072,0,1,1,0
978,6,8,19,1259312,717740,0,1,1,0
979,6,4,22,763943,1520092,0,1,1,0
980,2,11,18,1469285,1076942,0,1,1,0
981,7,2,25,909003,1825311,0,1,1,0
982,11,1,20,755672,1430456,0,1,1,0
983,5,10,21,1317405,932067,0,1,1,0
984,2,6,25,1076331,903121,0,1,1,0
985,7,1,23,891067,1060222,0,1,1,0
986,1,11,23,1556462,1092456,0,1,1,0
987,10,6,22,578651,1491515,0,1,1,0
988,1,11,23,1501542,748141,0,1,1,0
989,5,9,24,1413498,1133056,0,1,1,0
990,4,10,25,1215357,569197,0,1,1,0
991,4,6,27,1163101,767449,0,1,1,0
992,8,3,20,500000,1539638,0,1,1,0
993,4,11,20,1635915,799290,0,1,1,0
994,8,3,25,658910,1587916,0,1,1,0
995,2,7,19,1210519,951336,0,1,1,0
996,9,5,19,988763,1830019,0,1,1,0
997,8,3,25,709063,1409892,0,1,1,0
998,8,3,19,992128,1610505,0,1,1,0
999,4,8,22,1605627,1137262,0,1,1,0
1000,10,4,27,755031,1244487,0,1,1,0
