ID,task,CHOICE,scenario_id,age_idx,edu_idx,pat_blind_1,pat_blind_2,pat_blind_3,sec_dl_1,sec_dl_2,sec_dl_3,dur1,dur2,dur3,fee1,fee2,fee3,exempt1,exempt2,exempt3,fee1_10k,fee2_10k,fee3_10k
0,0,3,501,3,3,5,1,2,3,3,2,3,15,24,478000,470000,0,1,1,0,47.8,47.0,0.0
0,1,1,371,3,3,5,1,2,3,3,2,10,5,24,51000,126000,0,1,1,0,5.1,12.6,0.0
0,2,1,888,3,3,5,1,2,3,3,2,22,18,24,277000,561000,0,1,1,0,27.7,56.1,0.0
0,3,2,64,3,3,5,1,2,3,3,2,2,11,24,703000,276000,0,1,1,0,70.3,27.6,0.0
0,4,3,678,3,3,5,1,2,3,3,2,14,14,24,1376000,576000,0,1,1,0,137.6,57.6,0.0
1,0,3,779,1,3,5,5,4,5,4,2,14,9,24,428000,1524000,0,1,1,0,42.8,152.4,0.0
1,1,3,161,1,3,5,5,4,5,4,2,4,16,24,1837000,1593000,0,1,1,0,183.7,159.3,0.0
1,2,1,833,1,3,5,5,4,5,4,2,12,7,24,203000,253000,0,1,1,0,20.3,25.3,0.0
1,3,3,240,1,3,5,5,4,5,4,2,7,21,24,1772000,465000,0,1,1,0,177.2,46.5,0.0
1,4,3,683,1,3,5,5,4,5,4,2,19,20,24,781000,1482000,0,1,1,0,78.1,148.2,0.0
2,0,1,566,3,3,2,5,1,2,4,4,16,8,24,1976000,950000,0,1,1,0,197.6,95.0,0.0
2,1,1,554,3,3,2,5,1,2,4,4,22,7,24,1837000,1262000,0,1,1,0,183.7,126.2,0.0
2,2,1,993,3,3,2,5,1,2,4,4,12,18,24,464000,316000,0,1,1,0,46.4,31.6,0.0
2,3,2,854,3,3,2,5,1,2,4,4,20,8,24,64000,421000,0,1,1,0,6.4,42.1,0.0
2,4,1,506,3,3,2,5,1,2,4,4,16,9,24,1442000,809000,0,1,1,0,144.2,80.9,0.0
3,0,2,784,1,1,1,3,2,3,3,4,13,3,24,421000,519000,0,1,1,0,42.1,51.9,0.0
3,1,2,608,1,1,1,3,2,3,3,4,13,8,24,1061000,180000,0,1,1,0,106.1,18.0,0.0
3,2,1,362,1,1,1,3,2,3,3,4,11,9,24,243000,388000,0,1,1,0,24.3,38.8,0.0
3,3,1,765,1,1,1,3,2,3,3,4,17,5,24,457000,1298000,0,1,1,0,45.7,129.8,0.0
3,4,1,970,1,1,1,3,2,3,3,4,14,22,24,386000,125000,0,1,1,0,38.6,12.5,0.0
4,0,3,141,2,1,4,3,1,2,3,3,5,18,24,941000,1716000,0,1,1,0,94.1,171.6,0.0
4,1,2,585,2,1,4,3,1,2,3,3,14,7,24,771000,314000,0,1,1,0,77.1,31.4,0.0
4,2,3,661,2,1,4,3,1,2,3,3,21,20,24,1919000,1296000,0,1,1,0,191.9,129.6,0.0
4,3,3,145,2,1,4,3,1,2,3,3,11,16,24,678000,1581000,0,1,1,0,67.8,158.1,0.0
4,4,2,613,2,1,4,3,1,2,3,3,20,8,24,1479000,212000,0,1,1,0,147.9,21.2,0.0
5,0,3,591,3,1,5,5,4,1,1,1,22,10,24,1135000,330000,0,1,1,0,113.5,33.0,0.0
5,1,3,10,3,1,5,5,4,1,1,1,4,2,24,1206000,695000,0,1,1,0,120.6,69.5,0.0
5,2,3,897,3,1,5,5,4,1,1,1,18,18,24,371000,1731000,0,1,1,0,37.1,173.1,0.0
5,3,3,731,3,1,5,5,4,1,1,1,14,15,24,1078000,430000,0,1,1,0,107.8,43.0,0.0
5,4,3,727,3,1,5,5,4,1,1,1,15,12,24,507000,206000,0,1,1,0,50.7,20.6,0.0
6,0,3,534,1,4,3,5,4,3,2,4,17,3,24,1848000,1936000,0,1,1,0,184.8,193.6,0.0
6,1,3,45,1,4,3,5,4,3,2,4,9,10,24,501000,1180000,0,1,1,0,50.1,118.0,0.0
6,2,2,116,1,4,3,5,4,3,2,4,3,1,24,1365000,144000,0,1,1,0,136.5,14.4,0.0
6,3,3,519,1,4,3,5,4,3,2,4,13,4,24,600000,1380000,0,1,1,0,60.0,138.0,0.0
6,4,1,380,1,4,3,5,4,3,2,4,8,15,24,314000,1790000,0,1,1,0,31.4,179.0,0.0
7,0,1,263,3,1,5,1,1,3,3,3,10,11,24,61000,1065000,0,1,1,0,6.1,106.5,0.0
7,1,3,18,3,1,5,1,1,3,3,3,7,8,24,1083000,1833000,0,1,1,0,108.3,183.3,0.0
7,2,2,678,3,1,5,1,1,3,3,3,14,14,24,1376000,576000,0,1,1,0,137.6,57.6,0.0
7,3,1,26,3,1,5,1,1,3,3,3,1,7,24,1162000,1061000,0,1,1,0,116.2,106.1,0.0
7,4,2,716,3,1,5,1,1,3,3,3,18,12,24,1034000,441000,0,1,1,0,103.4,44.1,0.0
8,0,3,749,2,3,5,4,4,4,2,3,16,14,24,1289000,446000,0,1,1,0,128.9,44.6,0.0
8,1,1,420,2,3,5,4,4,4,2,3,10,22,24,76000,671000,0,1,1,0,7.6,67.1,0.0
8,2,2,847,2,3,5,4,4,4,2,3,17,4,24,366000,301000,0,1,1,0,36.6,30.1,0.0
8,3,3,18,2,3,5,4,4,4,2,3,7,8,24,1083000,1833000,0,1,1,0,108.3,183.3,0.0
8,4,3,934,2,3,5,4,4,4,2,3,20,13,24,406000,784000,0,1,1,0,40.6,78.4,0.0
9,0,1,868,1,3,1,4,1,4,5,1,18,6,24,445000,467000,0,1,1,0,44.5,46.7,0.0
9,1,2,319,1,3,1,4,1,4,5,1,5,1,24,400000,472000,0,1,1,0,40.0,47.2,0.0
9,2,2,311,1,3,1,4,1,4,5,1,5,1,24,65000,1180000,0,1,1,0,6.5,118.0,0.0
9,3,2,541,1,3,1,4,1,4,5,1,16,1,24,1249000,1875000,0,1,1,0,124.9,187.5,0.0
9,4,2,22,1,3,1,4,1,4,5,1,11,9,24,859000,1013000,0,1,1,0,85.9,101.3,0.0
10,0,1,8,1,3,2,3,3,5,5,4,10,1,24,1083000,835000,0,1,1,0,108.3,83.5,0.0
10,1,2,374,1,3,2,3,3,5,5,4,3,6,24,58000,464000,0,1,1,0,5.8,46.4,0.0
10,2,2,838,1,3,2,3,3,5,5,4,13,7,24,138000,195000,0,1,1,0,13.8,19.5,0.0
10,3,1,844,1,3,2,3,3,5,5,4,17,10,24,491000,249000,0,1,1,0,49.1,24.9,0.0
10,4,1,740,1,3,2,3,3,5,5,4,17,21,24,1711000,455000,0,1,1,0,171.1,45.5,0.0
11,0,3,135,2,3,4,3,1,5,1,5,5,16,24,1564000,1899000,0,1,1,0,156.4,189.9,0.0
11,1,2,236,2,3,4,3,1,5,1,5,2,19,24,1340000,89000,0,1,1,0,134.0,8.9,0.0
11,2,1,297,2,3,4,3,1,5,1,5,7,11,24,252000,1867000,0,1,1,0,25.2,186.7,0.0
11,3,1,490,2,3,4,3,1,5,1,5,10,21,24,119000,248000,0,1,1,0,11.9,24.8,0.0
11,4,3,653,2,3,4,3,1,5,1,5,17,17,24,1646000,1917000,0,1,1,0,164.6,191.7,0.0
12,0,3,170,2,4,5,4,5,2,4,2,10,12,24,1959000,1707000,0,1,1,0,195.9,170.7,0.0
12,1,1,801,2,4,5,4,5,2,4,2,12,3,24,418000,673000,0,1,1,0,41.8,67.3,0.0
12,2,1,51,2,4,5,4,5,2,4,2,5,10,24,1607000,1387000,0,1,1,0,160.7,138.7,0.0
12,3,2,96,2,4,5,4,5,2,4,2,4,5,24,1275000,133000,0,1,1,0,127.5,13.3,0.0
12,4,2,728,2,4,5,4,5,2,4,2,19,23,24,1912000,335000,0,1,1,0,191.2,33.5,0.0
13,0,2,764,3,1,3,2,3,3,3,2,15,4,24,258000,1658000,0,1,1,0,25.8,165.8,0.0
13,1,2,533,3,1,3,2,3,3,3,2,14,6,24,593000,1645000,0,1,1,0,59.3,164.5,0.0
13,2,2,315,3,1,3,2,3,3,3,2,3,2,24,142000,1778000,0,1,1,0,14.2,177.8,0.0
13,3,1,176,3,1,3,2,3,3,3,2,11,23,24,1348000,846000,0,1,1,0,134.8,84.6,0.0
13,4,2,553,3,1,3,2,3,3,3,2,16,1,24,1841000,657000,0,1,1,0,184.1,65.7,0.0
14,0,3,432,4,1,5,3,5,2,4,1,9,15,24,419000,1549000,0,1,1,0,41.9,154.9,0.0
14,1,1,296,4,1,5,3,5,2,4,1,7,6,24,73000,1492000,0,1,1,0,7.3,149.2,0.0
14,2,3,391,4,1,5,3,5,2,4,1,2,22,24,497000,1865000,0,1,1,0,49.7,186.5,0.0
14,3,2,998,4,1,5,3,5,2,4,1,16,20,24,91000,157000,0,1,1,0,9.1,15.7,0.0
14,4,3,137,4,1,5,3,5,2,4,1,5,14,24,1663000,902000,0,1,1,0,166.3,90.2,0.0
15,0,3,651,1,1,4,2,4,2,3,1,22,20,24,1503000,1290000,0,1,1,0,150.3,129.0,0.0
15,1,2,245,1,1,4,2,4,2,3,1,4,15,24,1812000,189000,0,1,1,0,181.2,18.9,0.0
15,2,2,58,1,1,4,2,4,2,3,1,2,11,24,1984000,623000,0,1,1,0,198.4,62.3,0.0
15,3,2,457,1,1,4,2,4,2,3,1,5,12,24,360000,235000,0,1,1,0,36.0,23.5,0.0
15,4,2,202,1,1,4,2,4,2,3,1,7,22,24,1260000,484000,0,1,1,0,126.0,48.4,0.0
16,0,1,459,2,1,4,5,1,1,4,3,8,12,24,70000,243000,0,1,1,0,7.0,24.3,0.0
16,1,2,710,2,1,4,5,1,1,4,3,20,13,24,1427000,407000,0,1,1,0,142.7,40.7,0.0
16,2,1,255,2,1,4,5,1,1,4,3,3,1,24,87000,848000,0,1,1,0,8.7,84.8,0.0
16,3,2,637,2,1,4,5,1,1,4,3,16,12,24,1496000,1273000,0,1,1,0,149.6,127.3,0.0
16,4,1,258,2,1,4,5,1,1,4,3,5,7,24,417000,1071000,0,1,1,0,41.7,107.1,0.0
17,0,3,650,1,3,5,5,5,2,2,3,20,20,24,935000,1182000,0,1,1,0,93.5,118.2,0.0
17,1,2,602,1,3,5,5,5,2,2,3,13,1,24,1944000,133000,0,1,1,0,194.4,13.3,0.0
17,2,3,318,1,3,5,5,5,2,2,3,8,5,24,384000,291000,0,1,1,0,38.4,29.1,0.0
17,3,2,590,1,3,5,5,5,2,2,3,22,5,24,1655000,116000,0,1,1,0,165.5,11.6,0.0
17,4,3,703,1,3,5,5,5,2,2,3,20,20,24,1487000,470000,0,1,1,0,148.7,47.0,0.0
18,0,3,520,2,2,5,3,4,2,2,3,22,8,24,1806000,632000,0,1,1,0,180.6,63.2,0.0
18,1,1,838,2,2,5,3,4,2,2,3,13,7,24,138000,195000,0,1,1,0,13.8,19.5,0.0
18,2,3,566,2,2,5,3,4,2,2,3,16,8,24,1976000,950000,0,1,1,0,197.6,95.0,0.0
18,3,2,335,2,2,5,3,4,2,2,3,8,10,24,67000,241000,0,1,1,0,6.7,24.1,0.0
18,4,1,416,2,2,5,3,4,2,2,3,4,18,24,247000,1451000,0,1,1,0,24.7,145.1,0.0
19,0,2,373,1,4,5,5,5,1,1,1,3,11,24,108000,64000,0,1,1,0,10.8,6.4,0.0
19,1,3,712,1,4,5,5,5,1,1,1,20,12,24,1434000,288000,0,1,1,0,143.4,28.8,0.0
19,2,3,166,1,4,5,5,5,1,1,1,4,23,24,1303000,820000,0,1,1,0,130.3,82.0,0.0
19,3,3,503,1,4,5,5,5,1,1,1,11,17,24,302000,341000,0,1,1,0,30.2,34.1,0.0
19,4,3,449,1,4,5,5,5,1,1,1,3,14,24,366000,449000,0,1,1,0,36.6,44.9,0.0
20,0,2,841,1,4,1,4,3,1,3,2,23,8,24,378000,361000,0,1,1,0,37.8,36.1,0.0
20,1,1,844,1,4,1,4,3,1,3,2,17,10,24,491000,249000,0,1,1,0,49.1,24.9,0.0
20,2,2,744,1,4,1,4,3,1,3,2,20,23,24,1741000,142000,0,1,1,0,174.1,14.2,0.0
20,3,1,540,1,4,1,4,3,1,3,2,16,11,24,577000,901000,0,1,1,0,57.7,90.1,0.0
20,4,1,431,1,4,1,4,3,1,3,2,7,14,24,142000,1297000,0,1,1,0,14.2,129.7,0.0
21,0,1,910,2,3,2,2,2,3,3,2,12,12,24,238000,1516000,0,1,1,0,23.8,151.6,0.0
21,1,2,143,2,3,2,2,2,3,3,2,8,22,24,1427000,948000,0,1,1,0,142.7,94.8,0.0
21,2,2,599,2,3,2,2,2,3,3,2,22,5,24,1644000,387000,0,1,1,0,164.4,38.7,0.0
21,3,1,880,2,3,2,2,2,3,3,2,19,23,24,429000,1449000,0,1,1,0,42.9,144.9,0.0
21,4,1,478,2,3,2,2,2,3,3,2,11,22,24,416000,255000,0,1,1,0,41.6,25.5,0.0
22,0,1,298,1,3,1,2,4,2,4,1,3,1,24,310000,765000,0,1,1,0,31.0,76.5,0.0
22,1,2,41,1,3,1,2,4,2,4,1,1,9,24,1052000,875000,0,1,1,0,105.2,87.5,0.0
22,2,2,75,1,3,1,2,4,2,4,1,8,7,24,948000,81000,0,1,1,0,94.8,8.1,0.0
22,3,1,794,1,3,1,2,4,2,4,1,20,6,24,182000,1061000,0,1,1,0,18.2,106.1,0.0
22,4,1,56,1,3,1,2,4,2,4,1,6,10,24,544000,1662000,0,1,1,0,54.4,166.2,0.0
23,0,2,373,2,3,1,3,2,4,2,2,3,11,24,108000,64000,0,1,1,0,10.8,6.4,0.0
23,1,1,760,2,3,1,3,2,4,2,2,20,8,24,164000,938000,0,1,1,0,16.4,93.8,0.0
23,2,1,402,2,3,1,3,2,4,2,2,7,12,24,428000,1103000,0,1,1,0,42.8,110.3,0.0
23,3,1,903,2,3,1,3,2,4,2,2,17,14,24,414000,1571000,0,1,1,0,41.4,157.1,0.0
23,4,1,299,2,3,1,3,2,4,2,2,9,6,24,359000,710000,0,1,1,0,35.9,71.0,0.0
24,0,1,496,1,3,5,4,3,4,1,3,8,20,24,173000,175000,0,1,1,0,17.3,17.5,0.0
24,1,1,916,1,3,5,4,3,4,1,3,12,15,24,194000,1627000,0,1,1,0,19.4,162.7,0.0
24,2,1,302,1,3,5,4,3,4,1,3,11,2,24,131000,1485000,0,1,1,0,13.1,148.5,0.0
24,3,1,454,1,3,5,4,3,4,1,3,10,22,24,219000,216000,0,1,1,0,21.9,21.6,0.0
24,4,1,981,1,3,5,4,3,4,1,3,21,23,24,199000,64000,0,1,1,0,19.9,6.4,0.0
25,0,2,285,3,3,1,1,1,2,2,5,5,8,24,268000,1490000,0,1,1,0,26.8,149.0,0.0
25,1,2,635,3,3,1,1,1,2,2,5,21,20,24,1205000,1569000,0,1,1,0,120.5,156.9,0.0
25,2,2,439,3,3,1,1,1,2,2,5,6,21,24,140000,1465000,0,1,1,0,14.0,146.5,0.0
25,3,1,471,3,3,1,1,1,2,2,5,7,17,24,264000,406000,0,1,1,0,26.4,40.6,0.0
25,4,1,186,3,3,1,1,1,2,2,5,2,12,24,1867000,565000,0,1,1,0,186.7,56.5,0.0
26,0,1,852,0,4,1,1,1,2,4,2,13,4,24,346000,360000,0,1,1,0,34.6,36.0,0.0
26,1,1,112,0,4,1,1,1,2,4,2,5,1,24,1265000,238000,0,1,1,0,126.5,23.8,0.0
26,2,1,231,0,4,1,1,1,2,4,2,1,16,24,1660000,416000,0,1,1,0,166.0,41.6,0.0
26,3,2,417,0,4,1,1,1,2,4,2,6,17,24,133000,1154000,0,1,1,0,13.3,115.4,0.0
26,4,2,30,0,4,1,1,1,2,4,2,3,9,24,1017000,1630000,0,1,1,0,101.7,163.0,0.0
27,0,2,334,1,2,1,1,2,4,1,1,11,5,24,71000,463000,0,1,1,0,7.1,46.3,0.0
27,1,1,320,1,2,1,1,2,4,1,1,8,11,24,201000,337000,0,1,1,0,20.1,33.7,0.0
27,2,1,139,1,2,1,1,2,4,1,1,3,21,24,1791000,1131000,0,1,1,0,179.1,113.1,0.0
27,3,2,476,1,2,1,1,2,4,1,1,3,13,24,225000,356000,0,1,1,0,22.5,35.6,0.0
27,4,1,242,1,2,1,1,2,4,1,1,8,16,24,1428000,359000,0,1,1,0,142.8,35.9,0.0
28,0,2,149,1,3,1,1,1,5,5,4,1,19,24,1013000,1782000,0,1,1,0,101.3,178.2,0.0
28,1,2,319,1,3,1,1,1,5,5,4,5,1,24,400000,472000,0,1,1,0,40.0,47.2,0.0
28,2,2,862,1,3,1,1,1,5,5,4,18,1,24,335000,465000,0,1,1,0,33.5,46.5,0.0
28,3,2,30,1,3,1,1,1,5,5,4,3,9,24,1017000,1630000,0,1,1,0,101.7,163.0,0.0
28,4,2,826,1,3,1,1,1,5,5,4,13,1,24,98000,212000,0,1,1,0,9.8,21.2,0.0
29,0,2,318,1,3,3,1,3,5,4,3,8,5,24,384000,291000,0,1,1,0,38.4,29.1,0.0
29,1,3,166,1,3,3,1,3,5,4,3,4,23,24,1303000,820000,0,1,1,0,130.3,82.0,0.0
29,2,2,622,1,3,3,1,3,5,4,3,12,9,24,1696000,152000,0,1,1,0,169.6,15.2,0.0
29,3,3,190,1,3,3,1,3,5,4,3,8,16,24,1967000,452000,0,1,1,0,196.7,45.2,0.0
29,4,3,19,1,3,3,1,3,5,4,3,6,6,24,841000,1245000,0,1,1,0,84.1,124.5,0.0
30,0,1,359,1,3,5,4,2,3,2,2,7,1,24,197000,412000,0,1,1,0,19.7,41.2,0.0
30,1,3,521,1,3,5,4,2,3,2,2,13,10,24,1548000,1624000,0,1,1,0,154.8,162.4,0.0
30,2,1,360,1,3,5,4,2,3,2,2,6,8,24,164000,283000,0,1,1,0,16.4,28.3,0.0
30,3,1,962,1,3,5,4,2,3,2,2,12,19,24,162000,91000,0,1,1,0,16.2,9.1,0.0
30,4,3,880,1,3,5,4,2,3,2,2,19,23,24,429000,1449000,0,1,1,0,42.9,144.9,0.0
31,0,3,734,2,3,5,2,3,1,2,4,13,21,24,712000,68000,0,1,1,0,71.2,6.8,0.0
31,1,2,989,2,3,5,2,3,1,2,4,21,17,24,271000,336000,0,1,1,0,27.1,33.6,0.0
31,2,1,378,2,3,5,2,3,1,2,4,2,8,24,300000,458000,0,1,1,0,30.0,45.8,0.0
31,3,1,385,2,3,5,2,3,1,2,4,8,13,24,89000,1176000,0,1,1,0,8.9,117.6,0.0
31,4,1,410,2,3,5,2,3,1,2,4,9,21,24,64000,1880000,0,1,1,0,6.4,188.0,0.0
32,0,2,479,1,1,1,4,2,1,1,1,3,23,24,362000,94000,0,1,1,0,36.2,9.4,0.0
32,1,3,203,1,1,1,4,2,1,1,1,8,14,24,1983000,278000,0,1,1,0,198.3,27.8,0.0
32,2,2,90,1,1,1,4,2,1,1,1,6,5,24,1001000,258000,0,1,1,0,100.1,25.8,0.0
32,3,3,960,1,1,1,4,2,1,1,1,23,15,24,446000,275000,0,1,1,0,44.6,27.5,0.0
32,4,1,302,1,1,1,4,2,1,1,1,11,2,24,131000,1485000,0,1,1,0,13.1,148.5,0.0
33,0,3,877,4,1,5,3,1,1,1,1,23,17,24,124000,1154000,0,1,1,0,12.4,115.4,0.0
33,1,2,375,4,1,5,3,1,1,1,1,4,6,24,359000,58000,0,1,1,0,35.9,5.8,0.0
33,2,3,585,4,1,5,3,1,1,1,1,14,7,24,771000,314000,0,1,1,0,77.1,31.4,0.0
33,3,3,44,4,1,5,3,1,1,1,1,3,3,24,1284000,1631000,0,1,1,0,128.4,163.1,0.0
33,4,3,207,4,1,5,3,1,1,1,1,4,16,24,682000,286000,0,1,1,0,68.2,28.6,0.0
34,0,1,297,1,3,3,5,5,5,5,2,7,11,24,252000,1867000,0,1,1,0,25.2,186.7,0.0
34,1,2,162,1,3,3,5,5,5,5,2,8,15,24,1814000,1076000,0,1,1,0,181.4,107.6,0.0
34,2,1,394,1,3,3,5,5,5,5,2,8,18,24,259000,699000,0,1,1,0,25.9,69.9,0.0
34,3,2,537,1,3,3,5,5,5,5,2,12,4,24,1115000,592000,0,1,1,0,111.5,59.2,0.0
34,4,1,147,1,3,3,5,5,5,5,2,2,22,24,993000,1151000,0,1,1,0,99.3,115.1,0.0
35,0,1,164,0,1,4,3,5,2,3,1,4,17,24,1070000,1170000,0,1,1,0,107.0,117.0,0.0
35,1,1,840,0,1,4,3,5,2,3,1,13,5,24,239000,179000,0,1,1,0,23.9,17.9,0.0
35,2,2,153,0,1,4,3,5,2,3,1,3,23,24,1876000,512000,0,1,1,0,187.6,51.2,0.0
35,3,3,55,0,1,4,3,5,2,3,1,2,4,24,1020000,634000,0,1,1,0,102.0,63.4,0.0
35,4,2,751,0,1,4,3,5,2,3,1,15,23,24,1131000,126000,0,1,1,0,113.1,12.6,0.0
36,0,1,414,4,2,4,3,2,3,4,1,7,14,24,86000,1828000,0,1,1,0,8.6,182.8,0.0
36,1,2,727,4,2,4,3,2,3,4,1,15,12,24,507000,206000,0,1,1,0,50.7,20.6,0.0
36,2,2,556,4,2,4,3,2,3,4,1,14,11,24,1774000,1419000,0,1,1,0,177.4,141.9,0.0
36,3,3,178,4,2,4,3,2,3,4,1,1,21,24,1326000,1684000,0,1,1,0,132.6,168.4,0.0
36,4,1,278,4,2,4,3,2,3,4,1,5,3,24,338000,1104000,0,1,1,0,33.8,110.4,0.0
37,0,2,992,3,2,5,5,5,3,4,3,12,15,24,187000,71000,0,1,1,0,18.7,7.1,0.0
37,1,3,259,3,2,5,5,5,3,4,3,9,8,24,333000,1418000,0,1,1,0,33.3,141.8,0.0
37,2,2,126,3,2,5,5,5,3,4,3,5,10,24,874000,189000,0,1,1,0,87.4,18.9,0.0
37,3,3,806,3,2,5,5,5,3,4,3,13,5,24,409000,1639000,0,1,1,0,40.9,163.9,0.0
37,4,2,198,3,2,5,5,5,3,4,3,2,12,24,1687000,232000,0,1,1,0,168.7,23.2,0.0
38,0,3,308,1,2,4,4,4,1,1,1,11,5,24,409000,977000,0,1,1,0,40.9,97.7,0.0
38,1,2,626,1,2,4,4,4,1,1,1,21,3,24,749000,101000,0,1,1,0,74.9,10.1,0.0
38,2,3,701,1,2,4,4,4,1,1,1,19,19,24,821000,442000,0,1,1,0,82.1,44.2,0.0
38,3,1,876,1,2,4,4,4,1,1,1,18,2,24,95000,486000,0,1,1,0,9.5,48.6,0.0
38,4,3,705,1,2,4,4,4,1,1,1,21,20,24,672000,284000,0,1,1,0,67.2,28.4,0.0
39,0,1,490,3,4,3,1,2,5,1,5,10,21,24,119000,248000,0,1,1,0,11.9,24.8,0.0
39,1,1,462,3,4,3,1,2,5,1,5,7,21,24,293000,341000,0,1,1,0,29.3,34.1,0.0
39,2,1,586,3,4,3,1,2,5,1,5,12,9,24,760000,130000,0,1,1,0,76.0,13.0,0.0
39,3,2,40,3,4,3,1,2,5,1,5,5,3,24,1412000,1452000,0,1,1,0,141.2,145.2,0.0
39,4,1,337,3,4,3,1,2,5,1,5,7,4,24,142000,119000,0,1,1,0,14.2,11.9,0.0
40,0,2,250,4,1,5,5,3,5,4,5,4,23,24,1104000,198000,0,1,1,0,110.4,19.8,0.0
40,1,1,271,4,1,5,5,3,5,4,5,11,9,24,260000,577000,0,1,1,0,26.0,57.7,0.0
40,2,3,507,4,1,5,5,3,5,4,5,18,4,24,692000,1446000,0,1,1,0,69.2,144.6,0.0
40,3,2,553,4,1,5,5,3,5,4,5,16,1,24,1841000,657000,0,1,1,0,184.1,65.7,0.0
40,4,2,106,4,1,5,5,3,5,4,5,1,3,24,1200000,384000,0,1,1,0,120.0,38.4,0.0
41,0,2,96,2,3,5,2,5,1,3,3,4,5,24,1275000,133000,0,1,1,0,127.5,13.3,0.0
41,1,2,222,2,3,5,2,5,1,3,3,8,16,24,1068000,182000,0,1,1,0,106.8,18.2,0.0
41,2,1,894,2,3,5,2,5,1,3,3,17,15,24,221000,1460000,0,1,1,0,22.1,146.0,0.0
41,3,3,511,2,3,5,2,5,1,3,3,12,2,24,1168000,1999000,0,1,1,0,116.8,199.9,0.0
41,4,3,53,2,3,5,2,5,1,3,3,5,11,24,1337000,1863000,0,1,1,0,133.7,186.3,0.0
42,0,2,328,1,1,1,1,1,4,5,4,10,1,24,410000,368000,0,1,1,0,41.0,36.8,0.0
42,1,2,753,1,1,1,1,1,4,5,4,18,9,24,342000,781000,0,1,1,0,34.2,78.1,0.0
42,2,2,649,1,1,1,1,1,4,5,4,19,23,24,631000,790000,0,1,1,0,63.1,79.0,0.0
42,3,1,752,1,1,1,1,1,4,5,4,19,20,24,621000,266000,0,1,1,0,62.1,26.6,0.0
42,4,1,700,1,1,1,1,1,4,5,4,21,15,24,963000,120000,0,1,1,0,96.3,12.0,0.0
43,0,1,991,1,4,1,3,3,2,1,1,13,21,24,59000,85000,0,1,1,0,5.9,8.5,0.0
43,1,1,465,1,4,1,3,3,2,1,1,9,12,24,129000,286000,0,1,1,0,12.9,28.6,0.0
43,2,3,27,1,4,1,3,3,2,1,1,2,10,24,942000,1160000,0,1,1,0,94.2,116.0,0.0
43,3,2,104,1,4,1,3,3,2,1,1,8,1,24,1027000,98000,0,1,1,0,102.7,9.8,0.0
43,4,2,827,1,4,1,3,3,2,1,1,19,5,24,239000,104000,0,1,1,0,23.9,10.4,0.0
44,0,2,841,2,1,1,3,4,3,5,5,23,8,24,378000,361000,0,1,1,0,37.8,36.1,0.0
44,1,1,936,2,1,1,3,4,3,5,5,14,14,24,418000,1024000,0,1,1,0,41.8,102.4,0.0
44,2,1,893,2,1,1,3,4,3,5,5,13,20,24,469000,892000,0,1,1,0,46.9,89.2,0.0
44,3,2,100,2,1,1,3,4,3,5,5,3,2,24,1055000,106000,0,1,1,0,105.5,10.6,0.0
44,4,2,344,2,1,1,3,4,3,5,5,2,7,24,465000,57000,0,1,1,0,46.5,5.7,0.0
45,0,2,361,2,1,2,1,1,1,1,3,4,6,24,499000,102000,0,1,1,0,49.9,10.2,0.0
45,1,3,144,2,1,2,1,1,1,1,3,9,23,24,1492000,856000,0,1,1,0,149.2,85.6,0.0
45,2,1,997,2,1,2,1,1,1,1,3,21,16,24,130000,94000,0,1,1,0,13.0,9.4,0.0
45,3,1,925,2,1,2,1,1,1,1,3,17,13,24,478000,1421000,0,1,1,0,47.8,142.1,0.0
45,4,3,171,2,1,2,1,1,1,1,3,7,12,24,1500000,1238000,0,1,1,0,150.0,123.8,0.0
46,0,3,801,2,1,5,5,5,3,1,3,12,3,24,418000,673000,0,1,1,0,41.8,67.3,0.0
46,1,3,634,2,1,5,5,5,3,1,3,18,23,24,1793000,1128000,0,1,1,0,179.3,112.8,0.0
46,2,1,384,2,1,5,5,5,3,1,3,11,19,24,107000,1994000,0,1,1,0,10.7,199.4,0.0
46,3,1,462,2,1,5,5,5,3,1,3,7,21,24,293000,341000,0,1,1,0,29.3,34.1,0.0
46,4,3,306,2,1,5,5,5,3,1,3,11,8,24,427000,1635000,0,1,1,0,42.7,163.5,0.0
47,0,1,167,2,3,2,4,4,5,5,3,4,18,24,635000,1355000,0,1,1,0,63.5,135.5,0.0
47,1,2,617,2,3,2,4,4,5,5,3,16,10,24,1538000,492000,0,1,1,0,153.8,49.2,0.0
47,2,2,39,2,3,2,4,4,5,5,3,5,6,24,1844000,734000,0,1,1,0,184.4,73.4,0.0
47,3,2,204,2,3,2,4,4,5,5,3,3,22,24,1594000,192000,0,1,1,0,159.4,19.2,0.0
47,4,1,466,2,3,2,4,4,5,5,3,2,17,24,475000,425000,0,1,1,0,47.5,42.5,0.0
48,0,1,963,1,1,1,3,4,1,1,1,14,15,24,361000,322000,0,1,1,0,36.1,32.2,0.0
48,1,3,879,1,1,1,3,4,1,1,1,19,19,24,233000,705000,0,1,1,0,23.3,70.5,0.0
48,2,2,730,1,1,1,3,4,1,1,1,15,19,24,1019000,231000,0,1,1,0,101.9,23.1,0.0
48,3,2,608,1,1,1,3,4,1,1,1,13,8,24,1061000,180000,0,1,1,0,106.1,18.0,0.0
48,4,2,69,1,1,1,3,4,1,1,1,4,8,24,1625000,123000,0,1,1,0,162.5,12.3,0.0
49,0,3,285,2,3,4,4,4,1,3,2,5,8,24,268000,1490000,0,1,1,0,26.8,149.0,0.0
49,1,1,493,2,3,4,4,4,1,3,2,8,18,24,73000,241000,0,1,1,0,7.3,24.1,0.0
49,2,2,345,2,3,4,4,4,1,3,2,5,2,24,331000,288000,0,1,1,0,33.1,28.8,0.0
49,3,2,583,2,3,4,4,4,1,3,2,19,9,24,1926000,231000,0,1,1,0,192.6,23.1,0.0
49,4,3,652,2,3,4,4,4,1,3,2,17,19,24,863000,1618000,0,1,1,0,86.3,161.8,0.0
50,0,3,5,4,4,3,5,4,4,1,3,4,9,24,988000,1763000,0,1,1,0,98.8,176.3,0.0
50,1,1,835,4,4,3,5,4,4,1,3,21,3,24,323000,409000,0,1,1,0,32.3,40.9,0.0
50,2,1,990,4,4,3,5,4,4,1,3,22,19,24,141000,454000,0,1,1,0,14.1,45.4,0.0
50,3,2,64,4,4,3,5,4,4,1,3,2,11,24,703000,276000,0,1,1,0,70.3,27.6,0.0
50,4,3,674,4,4,3,5,4,4,1,3,19,22,24,1501000,918000,0,1,1,0,150.1,91.8,0.0
51,0,2,868,3,4,4,4,3,5,5,1,18,6,24,445000,467000,0,1,1,0,44.5,46.7,0.0
51,1,3,195,3,4,4,4,3,5,5,1,4,21,24,659000,412000,0,1,1,0,65.9,41.2,0.0
51,2,1,392,3,4,4,4,3,5,5,1,9,15,24,428000,1402000,0,1,1,0,42.8,140.2,0.0
51,3,2,87,3,4,4,4,3,5,5,1,1,2,24,1799000,270000,0,1,1,0,179.9,27.0,0.0
51,4,3,36,3,4,4,4,3,5,5,1,7,10,24,1300000,1482000,0,1,1,0,130.0,148.2,0.0
52,0,1,797,4,2,3,2,2,4,5,4,15,11,24,207000,669000,0,1,1,0,20.7,66.9,0.0
52,1,2,202,4,2,3,2,2,4,5,4,7,22,24,1260000,484000,0,1,1,0,126.0,48.4,0.0
52,2,1,472,4,2,3,2,2,4,5,4,10,22,24,77000,389000,0,1,1,0,7.7,38.9,0.0
52,3,2,226,4,2,3,2,2,4,5,4,8,23,24,1080000,359000,0,1,1,0,108.0,35.9,0.0
52,4,2,617,4,2,3,2,2,4,5,4,16,10,24,1538000,492000,0,1,1,0,153.8,49.2,0.0
53,0,1,321,1,3,3,2,2,1,1,1,3,8,24,89000,231000,0,1,1,0,8.9,23.1,0.0
53,1,1,922,1,3,3,2,2,1,1,1,20,18,24,165000,715000,0,1,1,0,16.5,71.5,0.0
53,2,3,422,1,3,3,2,2,1,1,1,8,19,24,368000,1369000,0,1,1,0,36.8,136.9,0.0
53,3,3,18,1,3,3,2,2,1,1,1,7,8,24,1083000,1833000,0,1,1,0,108.3,183.3,0.0
53,4,1,470,1,3,3,2,2,1,1,1,3,17,24,241000,198000,0,1,1,0,24.1,19.8,0.0
54,0,3,630,1,3,5,5,5,3,3,5,12,14,24,582000,1997000,0,1,1,0,58.2,199.7,0.0
54,1,3,813,1,3,5,5,5,3,3,5,23,2,24,430000,1550000,0,1,1,0,43.0,155.0,0.0
54,2,3,387,1,3,5,5,5,3,3,5,5,22,24,377000,1728000,0,1,1,0,37.7,172.8,0.0
54,3,3,199,1,3,5,5,5,3,3,5,9,22,24,1398000,244000,0,1,1,0,139.8,24.4,0.0
54,4,3,803,1,3,5,5,5,3,3,5,17,2,24,347000,1608000,0,1,1,0,34.7,160.8,0.0
55,0,3,155,3,3,3,5,2,4,2,3,9,12,24,1474000,1669000,0,1,1,0,147.4,166.9,0.0
55,1,1,423,3,3,3,5,2,4,2,3,5,20,24,163000,739000,0,1,1,0,16.3,73.9,0.0
55,2,2,482,3,3,3,5,2,4,2,3,11,13,24,326000,389000,0,1,1,0,32.6,38.9,0.0
55,3,3,340,3,3,3,5,2,4,2,3,8,5,24,473000,441000,0,1,1,0,47.3,44.1,0.0
55,4,2,361,3,3,3,5,2,4,2,3,4,6,24,499000,102000,0,1,1,0,49.9,10.2,0.0
56,0,3,24,1,1,5,1,1,2,5,2,11,9,24,1943000,961000,0,1,1,0,194.3,96.1,0.0
56,1,1,868,1,1,5,1,1,2,5,2,18,6,24,445000,467000,0,1,1,0,44.5,46.7,0.0
56,2,1,761,1,1,5,1,1,2,5,2,17,1,24,209000,944000,0,1,1,0,20.9,94.4,0.0
56,3,2,82,1,1,5,1,1,2,5,2,8,9,24,1555000,133000,0,1,1,0,155.5,13.3,0.0
56,4,3,643,1,1,5,1,1,2,5,2,14,22,24,1599000,1800000,0,1,1,0,159.9,180.0,0.0
57,0,2,837,3,5,5,5,5,5,3,1,16,8,24,191000,127000,0,1,1,0,19.1,12.7,0.0
57,1,2,224,3,5,5,5,5,5,3,1,6,23,24,751000,331000,0,1,1,0,75.1,33.1,0.0
57,2,3,196,3,5,5,5,5,5,3,1,11,13,24,1009000,416000,0,1,1,0,100.9,41.6,0.0
57,3,3,740,3,5,5,5,5,5,3,1,17,21,24,1711000,455000,0,1,1,0,171.1,45.5,0.0
57,4,3,176,3,5,5,5,5,5,3,1,11,23,24,1348000,846000,0,1,1,0,134.8,84.6,0.0
58,0,1,738,1,2,1,2,1,2,3,3,15,14,24,618000,314000,0,1,1,0,61.8,31.4,0.0
58,1,1,836,1,2,1,2,1,2,3,3,18,3,24,139000,191000,0,1,1,0,13.9,19.1,0.0
58,2,2,898,1,2,1,2,1,2,3,3,13,17,24,232000,1460000,0,1,1,0,23.2,146.0,0.0
58,3,2,519,1,2,1,2,1,2,3,3,13,4,24,600000,1380000,0,1,1,0,60.0,138.0,0.0
58,4,1,173,1,2,1,2,1,2,3,3,9,15,24,1765000,1524000,0,1,1,0,176.5,152.4,0.0
59,0,2,196,2,3,4,4,4,4,5,5,11,13,24,1009000,416000,0,1,1,0,100.9,41.6,0.0
59,1,1,404,2,3,4,4,4,4,5,5,10,15,24,316000,824000,0,1,1,0,31.6,82.4,0.0
59,2,1,464,2,3,4,4,4,4,5,5,4,21,24,219000,299000,0,1,1,0,21.9,29.9,0.0
59,3,2,119,2,3,4,4,4,4,5,5,2,1,24,1302000,297000,0,1,1,0,130.2,29.7,0.0
59,4,1,255,2,3,4,4,4,4,5,5,3,1,24,87000,848000,0,1,1,0,8.7,84.8,0.0
60,0,2,859,0,1,4,4,3,1,5,4,23,7,24,272000,89000,0,1,1,0,27.2,8.9,0.0
60,1,2,868,0,1,4,4,3,1,5,4,18,6,24,445000,467000,0,1,1,0,44.5,46.7,0.0
60,2,2,106,0,1,4,4,3,1,5,4,1,3,24,1200000,384000,0,1,1,0,120.0,38.4,0.0
60,3,2,729,0,1,4,4,3,1,5,4,18,18,24,1616000,482000,0,1,1,0,161.6,48.2,0.0
60,4,2,621,0,1,4,4,3,1,5,4,18,1,24,1267000,260000,0,1,1,0,126.7,26.0,0.0
61,0,1,288,2,3,2,2,5,3,3,1,3,5,24,87000,1370000,0,1,1,0,8.7,137.0,0.0
61,1,1,815,2,3,2,2,5,3,3,1,18,2,24,172000,229000,0,1,1,0,17.2,22.9,0.0
61,2,2,918,2,3,2,2,5,3,3,1,23,19,24,455000,1653000,0,1,1,0,45.5,165.3,0.0
61,3,2,598,2,3,2,2,5,3,3,1,21,1,24,1840000,311000,0,1,1,0,184.0,31.1,0.0
61,4,1,413,2,3,2,2,5,3,3,1,3,21,24,125000,1879000,0,1,1,0,12.5,187.9,0.0
62,0,1,606,1,3,2,1,1,1,1,2,14,9,24,1277000,344000,0,1,1,0,127.7,34.4,0.0
62,1,2,496,1,3,2,1,1,1,1,2,8,20,24,173000,175000,0,1,1,0,17.3,17.5,0.0
62,2,1,868,1,3,2,1,1,1,1,2,18,6,24,445000,467000,0,1,1,0,44.5,46.7,0.0
62,3,1,51,1,3,2,1,1,1,1,2,5,10,24,1607000,1387000,0,1,1,0,160.7,138.7,0.0
62,4,2,548,1,3,2,1,1,1,1,2,17,2,24,715000,1188000,0,1,1,0,71.5,118.8,0.0
63,0,2,532,0,4,2,1,2,5,5,5,22,10,24,717000,1197000,0,1,1,0,71.7,119.7,0.0
63,1,2,972,0,4,2,1,2,5,5,5,21,14,24,391000,281000,0,1,1,0,39.1,28.1,0.0
63,2,1,579,0,4,2,1,2,5,5,5,13,7,24,1149000,426000,0,1,1,0,114.9,42.6,0.0
63,3,2,291,0,4,2,1,2,5,5,5,10,8,24,396000,812000,0,1,1,0,39.6,81.2,0.0
63,4,1,212,0,4,2,1,2,5,5,5,5,23,24,1750000,195000,0,1,1,0,175.0,19.5,0.0
64,0,3,168,3,3,3,3,3,1,2,4,6,19,24,1638000,1372000,0,1,1,0,163.8,137.2,0.0
64,1,1,468,3,3,3,3,3,1,2,4,1,23,24,180000,280000,0,1,1,0,18.0,28.0,0.0
64,2,3,690,3,3,3,3,3,1,2,4,18,13,24,1904000,888000,0,1,1,0,190.4,88.8,0.0
64,3,1,331,3,3,3,3,3,1,2,4,11,10,24,150000,181000,0,1,1,0,15.0,18.1,0.0
64,4,1,453,3,3,3,3,3,1,2,4,11,22,24,346000,383000,0,1,1,0,34.6,38.3,0.0
65,0,3,689,1,3,5,3,5,1,1,1,18,17,24,1581000,682000,0,1,1,0,158.1,68.2,0.0
65,1,2,997,1,3,5,3,5,1,1,1,21,16,24,130000,94000,0,1,1,0,13.0,9.4,0.0
65,2,3,223,1,3,5,3,5,1,1,1,4,23,24,753000,151000,0,1,1,0,75.3,15.1,0.0
65,3,2,961,1,3,5,3,5,1,1,1,22,23,24,98000,100000,0,1,1,0,9.8,10.0,0.0
65,4,1,473,1,3,5,3,5,1,1,1,6,17,24,85000,100000,0,1,1,0,8.5,10.0,0.0
66,0,1,426,2,1,1,2,4,5,2,4,9,16,24,400000,595000,0,1,1,0,40.0,59.5,0.0
66,1,2,217,2,1,1,2,4,5,2,4,8,13,24,536000,204000,0,1,1,0,53.6,20.4,0.0
66,2,2,216,2,1,1,2,4,5,2,4,8,23,24,1855000,307000,0,1,1,0,185.5,30.7,0.0
66,3,2,570,2,1,1,2,4,5,2,4,22,11,24,1170000,232000,0,1,1,0,117.0,23.2,0.0
66,4,1,309,2,1,1,2,4,5,2,4,2,2,24,278000,1829000,0,1,1,0,27.8,182.9,0.0
67,0,1,413,2,3,2,1,5,3,2,4,3,21,24,125000,1879000,0,1,1,0,12.5,187.9,0.0
67,1,3,722,2,3,2,1,5,3,2,4,18,18,24,1285000,285000,0,1,1,0,128.5,28.5,0.0
67,2,1,860,2,3,2,1,5,3,2,4,19,8,24,363000,355000,0,1,1,0,36.3,35.5,0.0
67,3,2,242,2,3,2,1,5,3,2,4,8,16,24,1428000,359000,0,1,1,0,142.8,35.9,0.0
67,4,3,986,2,3,2,1,5,3,2,4,15,22,24,312000,361000,0,1,1,0,31.2,36.1,0.0
68,0,2,986,2,3,3,5,2,2,4,1,15,22,24,312000,361000,0,1,1,0,31.2,36.1,0.0
68,1,2,447,2,3,3,5,2,2,4,1,11,14,24,477000,174000,0,1,1,0,47.7,17.4,0.0
68,2,1,256,2,3,3,5,2,2,4,1,5,10,24,362000,1105000,0,1,1,0,36.2,110.5,0.0
68,3,3,656,2,3,3,5,2,2,4,1,15,20,24,1085000,1126000,0,1,1,0,108.5,112.6,0.0
68,4,2,103,2,3,3,5,2,2,4,1,11,5,24,1830000,315000,0,1,1,0,183.0,31.5,0.0
69,0,3,156,0,3,3,3,4,3,4,2,4,19,24,755000,780000,0,1,1,0,75.5,78.0,0.0
69,1,2,872,0,3,3,3,4,3,4,2,21,8,24,166000,246000,0,1,1,0,16.6,24.6,0.0
69,2,1,495,0,3,3,3,4,3,4,2,10,23,24,199000,461000,0,1,1,0,19.9,46.1,0.0
69,3,2,483,0,3,3,3,4,3,4,2,11,20,24,272000,240000,0,1,1,0,27.2,24.0,0.0
69,4,2,712,0,3,3,3,4,3,4,2,20,12,24,1434000,288000,0,1,1,0,143.4,28.8,0.0
70,0,3,140,2,1,1,1,2,1,3,1,7,12,24,1649000,1137000,0,1,1,0,164.9,113.7,0.0
70,1,2,825,2,1,1,1,2,1,3,1,23,6,24,254000,239000,0,1,1,0,25.4,23.9,0.0
70,2,2,510,2,1,1,1,2,1,3,1,18,6,24,671000,971000,0,1,1,0,67.1,97.1,0.0
70,3,1,13,2,1,1,1,2,1,3,1,9,7,24,762000,665000,0,1,1,0,76.2,66.5,0.0
70,4,2,67,2,1,1,1,2,1,3,1,2,7,24,627000,432000,0,1,1,0,62.7,43.2,0.0
71,0,1,850,2,1,1,3,1,4,2,3,21,4,24,460000,221000,0,1,1,0,46.0,22.1,0.0
71,1,2,377,2,1,1,3,1,4,2,3,7,2,24,326000,441000,0,1,1,0,32.6,44.1,0.0
71,2,1,220,2,1,1,3,1,4,2,3,8,20,24,1661000,230000,0,1,1,0,166.1,23.0,0.0
71,3,1,200,2,1,1,3,1,4,2,3,2,22,24,1561000,229000,0,1,1,0,156.1,22.9,0.0
71,4,2,852,2,1,1,3,1,4,2,3,13,4,24,346000,360000,0,1,1,0,34.6,36.0,0.0
72,0,1,732,1,1,1,1,5,3,1,2,13,22,24,568000,270000,0,1,1,0,56.8,27.0,0.0
72,1,1,521,1,1,1,1,5,3,1,2,13,10,24,1548000,1624000,0,1,1,0,154.8,162.4,0.0
72,2,2,690,1,1,1,1,5,3,1,2,18,13,24,1904000,888000,0,1,1,0,190.4,88.8,0.0
72,3,2,490,1,1,1,1,5,3,1,2,10,21,24,119000,248000,0,1,1,0,11.9,24.8,0.0
72,4,1,210,1,1,1,1,5,3,1,2,8,14,24,1182000,306000,0,1,1,0,118.2,30.6,0.0
73,0,2,442,0,3,2,1,1,5,5,4,9,18,24,91000,213000,0,1,1,0,9.1,21.3,0.0
73,1,2,145,0,3,2,1,1,5,5,4,11,16,24,678000,1581000,0,1,1,0,67.8,158.1,0.0
73,2,2,22,0,3,2,1,1,5,5,4,11,9,24,859000,1013000,0,1,1,0,85.9,101.3,0.0
73,3,1,325,0,3,2,1,1,5,5,4,4,10,24,250000,238000,0,1,1,0,25.0,23.8,0.0
73,4,1,23,0,3,2,1,1,5,5,4,3,7,24,1469000,1066000,0,1,1,0,146.9,106.6,0.0
74,0,2,513,4,1,3,3,1,4,2,5,12,8,24,1102000,1960000,0,1,1,0,110.2,196.0,0.0
74,1,2,324,4,1,3,3,1,4,2,5,7,8,24,497000,106000,0,1,1,0,49.7,10.6,0.0
74,2,1,986,4,1,3,3,1,4,2,5,15,22,24,312000,361000,0,1,1,0,31.2,36.1,0.0
74,3,1,266,4,1,3,3,1,4,2,5,3,7,24,357000,1831000,0,1,1,0,35.7,183.1,0.0
74,4,2,974,4,1,3,3,1,4,2,5,23,18,24,129000,373000,0,1,1,0,12.9,37.3,0.0
75,0,1,259,1,4,2,5,2,4,4,5,9,8,24,333000,1418000,0,1,1,0,33.3,141.8,0.0
75,1,1,373,1,4,2,5,2,4,4,5,3,11,24,108000,64000,0,1,1,0,10.8,6.4,0.0
75,2,1,264,1,4,2,5,2,4,4,5,10,3,24,71000,1487000,0,1,1,0,7.1,148.7,0.0
75,3,1,56,1,4,2,5,2,4,4,5,6,10,24,544000,1662000,0,1,1,0,54.4,166.2,0.0
75,4,2,572,1,4,2,5,2,4,4,5,16,3,24,1129000,423000,0,1,1,0,112.9,42.3,0.0
76,0,3,527,1,3,4,2,1,1,1,5,13,9,24,1603000,1564000,0,1,1,0,160.3,156.4,0.0
76,1,3,163,1,3,4,2,1,1,1,5,8,23,24,662000,1099000,0,1,1,0,66.2,109.9,0.0
76,2,2,606,1,3,4,2,1,1,1,5,14,9,24,1277000,344000,0,1,1,0,127.7,34.4,0.0
76,3,1,265,1,3,4,2,1,1,1,5,9,8,24,392000,1083000,0,1,1,0,39.2,108.3,0.0
76,4,1,273,1,3,4,2,1,1,1,5,6,7,24,111000,1579000,0,1,1,0,11.1,157.9,0.0
77,0,2,193,1,1,2,3,5,3,3,3,10,16,24,554000,352000,0,1,1,0,55.4,35.2,0.0
77,1,2,479,1,1,2,3,5,3,3,3,3,23,24,362000,94000,0,1,1,0,36.2,9.4,0.0
77,2,1,896,1,1,2,3,5,3,3,3,20,17,24,385000,1752000,0,1,1,0,38.5,175.2,0.0
77,3,1,928,1,1,2,3,5,3,3,3,23,22,24,370000,1398000,0,1,1,0,37.0,139.8,0.0
77,4,2,995,1,1,2,3,5,3,3,3,18,23,24,272000,261000,0,1,1,0,27.2,26.1,0.0
78,0,1,49,2,4,2,3,3,5,5,4,2,3,24,1617000,769000,0,1,1,0,161.7,76.9,0.0
78,1,2,880,2,4,2,3,3,5,5,4,19,23,24,429000,1449000,0,1,1,0,42.9,144.9,0.0
78,2,1,468,2,4,2,3,3,5,5,4,1,23,24,180000,280000,0,1,1,0,18.0,28.0,0.0
78,3,2,258,2,4,2,3,3,5,5,4,5,7,24,417000,1071000,0,1,1,0,41.7,107.1,0.0
78,4,1,966,2,4,2,3,3,5,5,4,23,19,24,119000,87000,0,1,1,0,11.9,8.7,0.0
79,0,1,257,3,1,5,4,5,2,5,3,8,8,24,115000,1944000,0,1,1,0,11.5,194.4,0.0
79,1,3,181,3,1,5,4,5,2,5,3,1,18,24,1046000,1187000,0,1,1,0,104.6,118.7,0.0
79,2,3,816,3,1,5,4,5,2,5,3,21,10,24,453000,362000,0,1,1,0,45.3,36.2,0.0
79,3,1,262,3,1,5,4,5,2,5,3,2,11,24,170000,1706000,0,1,1,0,17.0,170.6,0.0
79,4,1,895,3,1,5,4,5,2,5,3,13,22,24,188000,1527000,0,1,1,0,18.8,152.7,0.0
80,0,2,345,1,5,5,4,4,5,2,4,5,2,24,331000,288000,0,1,1,0,33.1,28.8,0.0
80,1,1,315,1,5,5,4,4,5,2,4,3,2,24,142000,1778000,0,1,1,0,14.2,177.8,0.0
80,2,1,478,1,5,5,4,4,5,2,4,11,22,24,416000,255000,0,1,1,0,41.6,25.5,0.0
80,3,2,706,1,5,5,4,4,5,2,4,20,17,24,1976000,91000,0,1,1,0,197.6,9.1,0.0
80,4,1,800,1,5,5,4,4,5,2,4,20,1,24,300000,1835000,0,1,1,0,30.0,183.5,0.0
81,0,1,950,1,2,5,2,2,3,1,3,14,19,24,347000,463000,0,1,1,0,34.7,46.3,0.0
81,1,2,693,1,2,5,2,2,3,1,3,19,17,24,1060000,208000,0,1,1,0,106.0,20.8,0.0
81,2,3,534,1,2,5,2,2,3,1,3,17,3,24,1848000,1936000,0,1,1,0,184.8,193.6,0.0
81,3,3,912,1,2,5,2,2,3,1,3,20,19,24,392000,1358000,0,1,1,0,39.2,135.8,0.0
81,4,1,794,1,2,5,2,2,3,1,3,20,6,24,182000,1061000,0,1,1,0,18.2,106.1,0.0
82,0,3,525,2,1,3,2,1,1,3,2,21,3,24,1374000,1893000,0,1,1,0,137.4,189.3,0.0
82,1,1,870,2,1,3,2,1,1,3,2,16,9,24,166000,442000,0,1,1,0,16.6,44.2,0.0
82,2,3,21,2,1,3,2,1,1,3,2,11,2,24,1859000,1777000,0,1,1,0,185.9,177.7,0.0
82,3,3,189,2,1,3,2,1,1,3,2,11,21,24,740000,957000,0,1,1,0,74.0,95.7,0.0
82,4,2,84,2,1,3,2,1,1,3,2,3,10,24,644000,86000,0,1,1,0,64.4,8.6,0.0
83,0,2,200,2,2,3,1,2,4,1,3,2,22,24,1561000,229000,0,1,1,0,156.1,22.9,0.0
83,1,2,93,2,2,3,1,2,4,1,3,8,10,24,1803000,102000,0,1,1,0,180.3,10.2,0.0
83,2,2,325,2,2,3,1,2,4,1,3,4,10,24,250000,238000,0,1,1,0,25.0,23.8,0.0
83,3,1,393,2,2,3,1,2,4,1,3,8,18,24,170000,1211000,0,1,1,0,17.0,121.1,0.0
83,4,1,385,2,2,3,1,2,4,1,3,8,13,24,89000,1176000,0,1,1,0,8.9,117.6,0.0
84,0,1,421,3,1,3,3,2,1,2,1,5,22,24,282000,1389000,0,1,1,0,28.2,138.9,0.0
84,1,1,498,3,1,3,3,2,1,2,1,4,22,24,243000,349000,0,1,1,0,24.3,34.9,0.0
84,2,2,211,3,1,3,3,2,1,2,1,4,16,24,1244000,228000,0,1,1,0,124.4,22.8,0.0
84,3,2,869,3,1,3,3,2,1,2,1,18,1,24,106000,102000,0,1,1,0,10.6,10.2,0.0
84,4,1,949,3,1,3,3,2,1,2,1,16,20,24,227000,353000,0,1,1,0,22.7,35.3,0.0
85,0,1,289,3,1,2,2,1,2,1,5,6,9,24,463000,1060000,0,1,1,0,46.3,106.0,0.0
85,1,2,573,3,1,2,2,1,2,1,5,23,11,24,1968000,141000,0,1,1,0,196.8,14.1,0.0
85,2,2,831,3,1,2,2,1,2,1,5,17,2,24,341000,363000,0,1,1,0,34.1,36.3,0.0
85,3,1,828,3,1,2,2,1,2,1,5,14,3,24,96000,276000,0,1,1,0,9.6,27.6,0.0
85,4,1,419,3,1,2,2,1,2,1,5,2,14,24,78000,830000,0,1,1,0,7.8,83.0,0.0
86,0,1,114,1,1,2,1,2,1,2,2,2,9,24,1242000,263000,0,1,1,0,124.2,26.3,0.0
86,1,2,48,1,1,2,1,2,1,2,2,10,2,24,665000,1519000,0,1,1,0,66.5,151.9,0.0
86,2,1,344,1,1,2,1,2,1,2,2,2,7,24,465000,57000,0,1,1,0,46.5,5.7,0.0
86,3,2,757,1,1,2,1,2,1,2,2,12,7,24,191000,1913000,0,1,1,0,19.1,191.3,0.0
86,4,1,504,1,1,2,1,2,1,2,2,2,20,24,423000,496000,0,1,1,0,42.3,49.6,0.0
87,0,1,124,3,4,1,2,2,5,5,3,11,7,24,1568000,406000,0,1,1,0,156.8,40.6,0.0
87,1,1,349,3,4,1,2,2,5,5,3,1,9,24,375000,222000,0,1,1,0,37.5,22.2,0.0
87,2,1,108,3,4,1,2,2,5,5,3,7,1,24,1676000,109000,0,1,1,0,167.6,10.9,0.0
87,3,1,752,3,4,1,2,2,5,5,3,19,20,24,621000,266000,0,1,1,0,62.1,26.6,0.0
87,4,2,766,3,4,1,2,2,5,5,3,19,11,24,330000,1253000,0,1,1,0,33.0,125.3,0.0
88,0,3,672,3,4,2,3,5,1,3,4,13,14,24,1929000,511000,0,1,1,0,192.9,51.1,0.0
88,1,1,757,3,4,2,3,5,1,3,4,12,7,24,191000,1913000,0,1,1,0,19.1,191.3,0.0
88,2,3,59,3,4,2,3,5,1,3,4,4,1,24,641000,1193000,0,1,1,0,64.1,119.3,0.0
88,3,3,50,3,4,2,3,5,1,3,4,11,9,24,1497000,846000,0,1,1,0,149.7,84.6,0.0
88,4,1,286,3,4,2,3,5,1,3,4,4,9,24,289000,803000,0,1,1,0,28.9,80.3,0.0
89,0,2,791,1,2,1,1,1,3,3,5,12,11,24,313000,1403000,0,1,1,0,31.3,140.3,0.0
89,1,1,728,1,2,1,1,1,3,3,5,19,23,24,1912000,335000,0,1,1,0,191.2,33.5,0.0
89,2,1,447,1,2,1,1,1,3,3,5,11,14,24,477000,174000,0,1,1,0,47.7,17.4,0.0
89,3,2,376,1,2,1,1,1,3,3,5,3,1,24,189000,116000,0,1,1,0,18.9,11.6,0.0
89,4,1,194,1,2,1,1,1,3,3,5,11,18,24,1287000,425000,0,1,1,0,128.7,42.5,0.0
90,0,2,992,3,3,1,1,3,4,4,5,12,15,24,187000,71000,0,1,1,0,18.7,7.1,0.0
90,1,2,553,3,3,1,1,3,4,4,5,16,1,24,1841000,657000,0,1,1,0,184.1,65.7,0.0
90,2,1,498,3,3,1,1,3,4,4,5,4,22,24,243000,349000,0,1,1,0,24.3,34.9,0.0
90,3,1,830,3,3,1,1,3,4,4,5,18,1,24,104000,97000,0,1,1,0,10.4,9.7,0.0
90,4,1,881,3,3,1,1,3,4,4,5,17,16,24,85000,594000,0,1,1,0,8.5,59.4,0.0
91,0,1,463,1,4,1,1,1,5,4,3,1,21,24,286000,392000,0,1,1,0,28.6,39.2,0.0
91,1,2,50,1,4,1,1,1,5,4,3,11,9,24,1497000,846000,0,1,1,0,149.7,84.6,0.0
91,2,1,903,1,4,1,1,1,5,4,3,17,14,24,414000,1571000,0,1,1,0,41.4,157.1,0.0
91,3,3,36,1,4,1,1,1,5,4,3,7,10,24,1300000,1482000,0,1,1,0,130.0,148.2,0.0
91,4,2,959,1,4,1,1,1,5,4,3,18,16,24,378000,431000,0,1,1,0,37.8,43.1,0.0
92,0,1,759,1,2,4,2,4,3,5,2,15,10,24,472000,1908000,0,1,1,0,47.2,190.8,0.0
92,1,2,951,1,2,4,2,4,3,5,2,17,12,24,408000,74000,0,1,1,0,40.8,7.4,0.0
92,2,2,816,1,2,4,2,4,3,5,2,21,10,24,453000,362000,0,1,1,0,45.3,36.2,0.0
92,3,2,618,1,2,4,2,4,3,5,2,22,8,24,1910000,200000,0,1,1,0,191.0,20.0,0.0
92,4,2,727,1,2,4,2,4,3,5,2,15,12,24,507000,206000,0,1,1,0,50.7,20.6,0.0
93,0,2,100,2,3,5,2,4,5,2,5,3,2,24,1055000,106000,0,1,1,0,105.5,10.6,0.0
93,1,2,868,2,3,5,2,4,5,2,5,18,6,24,445000,467000,0,1,1,0,44.5,46.7,0.0
93,2,1,335,2,3,5,2,4,5,2,5,8,10,24,67000,241000,0,1,1,0,6.7,24.1,0.0
93,3,1,864,2,3,5,2,4,5,2,5,22,2,24,95000,453000,0,1,1,0,9.5,45.3,0.0
93,4,2,125,2,3,5,2,4,5,2,5,9,1,24,1194000,110000,0,1,1,0,119.4,11.0,0.0
94,0,1,303,1,3,4,3,3,3,5,3,5,10,24,228000,1953000,0,1,1,0,22.8,195.3,0.0
94,1,1,887,1,3,4,3,3,3,5,3,22,14,24,147000,1843000,0,1,1,0,14.7,184.3,0.0
94,2,2,377,1,3,4,3,3,3,5,3,7,2,24,326000,441000,0,1,1,0,32.6,44.1,0.0
94,3,1,861,1,3,4,3,3,3,5,3,18,9,24,330000,413000,0,1,1,0,33.0,41.3,0.0
94,4,1,901,1,3,4,3,3,3,5,3,22,17,24,120000,747000,0,1,1,0,12.0,74.7,0.0
95,0,2,572,1,2,5,4,3,2,2,5,16,3,24,1129000,423000,0,1,1,0,112.9,42.3,0.0
95,1,2,827,1,2,5,4,3,2,2,5,19,5,24,239000,104000,0,1,1,0,23.9,10.4,0.0
95,2,1,760,1,2,5,4,3,2,2,5,20,8,24,164000,938000,0,1,1,0,16.4,93.8,0.0
95,3,3,5,1,2,5,4,3,2,2,5,4,9,24,988000,1763000,0,1,1,0,98.8,176.3,0.0
95,4,3,665,1,2,5,4,3,2,2,5,23,15,24,1505000,924000,0,1,1,0,150.5,92.4,0.0
96,0,2,564,3,3,2,1,3,3,5,2,12,8,24,890000,1586000,0,1,1,0,89.0,158.6,0.0
96,1,2,806,3,3,2,1,3,3,5,2,13,5,24,409000,1639000,0,1,1,0,40.9,163.9,0.0
96,2,2,286,3,3,2,1,3,3,5,2,4,9,24,289000,803000,0,1,1,0,28.9,80.3,0.0
96,3,2,399,3,3,2,1,3,3,5,2,3,12,24,342000,1730000,0,1,1,0,34.2,173.0,0.0
96,4,1,66,3,3,2,1,3,3,5,2,1,11,24,1912000,389000,0,1,1,0,191.2,38.9,0.0
97,0,1,342,2,2,5,3,5,1,3,3,2,4,24,124000,405000,0,1,1,0,12.4,40.5,0.0
97,1,3,802,2,2,5,3,5,1,3,3,19,7,24,493000,1852000,0,1,1,0,49.3,185.2,0.0
97,2,1,820,2,2,5,3,5,1,3,3,18,11,24,147000,357000,0,1,1,0,14.7,35.7,0.0
97,3,3,731,2,2,5,3,5,1,3,3,14,15,24,1078000,430000,0,1,1,0,107.8,43.0,0.0
97,4,3,813,2,2,5,3,5,1,3,3,23,2,24,430000,1550000,0,1,1,0,43.0,155.0,0.0
98,0,2,923,4,2,3,1,1,2,1,2,23,22,24,485000,1019000,0,1,1,0,48.5,101.9,0.0
98,1,2,808,4,2,3,1,1,2,1,2,17,4,24,58000,1731000,0,1,1,0,5.8,173.1,0.0
98,2,1,160,4,2,3,1,1,2,1,2,3,19,24,1495000,1044000,0,1,1,0,149.5,104.4,0.0
98,3,1,394,4,2,3,1,1,2,1,2,8,18,24,259000,699000,0,1,1,0,25.9,69.9,0.0
98,4,1,594,4,2,3,1,1,2,1,2,22,10,24,1810000,227000,0,1,1,0,181.0,22.7,0.0
99,0,3,461,2,1,5,3,5,1,2,1,2,21,24,372000,316000,0,1,1,0,37.2,31.6,0.0
99,1,3,533,2,1,5,3,5,1,2,1,14,6,24,593000,1645000,0,1,1,0,59.3,164.5,0.0
99,2,1,838,2,1,5,3,5,1,2,1,13,7,24,138000,195000,0,1,1,0,13.8,19.5,0.0
99,3,2,568,2,1,5,3,5,1,2,1,13,2,24,785000,287000,0,1,1,0,78.5,28.7,0.0
99,4,3,526,2,1,5,3,5,1,2,1,22,9,24,680000,1256000,0,1,1,0,68.0,125.6,0.0
